SrcEntity	TgtEntity	Score
http://ncicb.nci.nih.gov/xml/owl/EVS/Hugo.owl#HGNC_977	http://purl.obolibrary.org/obo/mesh_C000593571	0.478
http://ncicb.nci.nih.gov/xml/owl/EVS/Hugo.owl#HGNC_6	http://purl.obolibrary.org/obo/mesh_C045333	0.627
http://ncicb.nci.nih.gov/xml/owl/EVS/Hugo.owl#HGNC_227	http://purl.obolibrary.org/obo/mesh_C077823	0.579
http://ncicb.nci.nih.gov/xml/owl/EVS/Hugo.owl#HGNC_402	http://purl.obolibrary.org/obo/mesh_C559990	0.559
http://ncicb.nci.nih.gov/xml/owl/EVS/Hugo.owl#HGNC_35	http://purl.obolibrary.org/obo/mesh_C488052	0.618
http://ncicb.nci.nih.gov/xml/owl/EVS/Hugo.owl#HGNC_2	http://purl.obolibrary.org/obo/mesh_D064032	0.684
http://ncicb.nci.nih.gov/xml/owl/EVS/Hugo.owl#HGNC_46	http://purl.obolibrary.org/obo/mesh_C091211	0.774
http://ncicb.nci.nih.gov/xml/owl/EVS/Hugo.owl#HGNC_110	http://purl.obolibrary.org/obo/mesh_C519800	0.569
http://ncicb.nci.nih.gov/xml/owl/EVS/Hugo.owl#HGNC_94	http://purl.obolibrary.org/obo/mesh_C119987	0.602
http://ncicb.nci.nih.gov/xml/owl/EVS/Hugo.owl#HGNC_4	http://purl.obolibrary.org/obo/mesh_C058046	0.622
http://ncicb.nci.nih.gov/xml/owl/EVS/Hugo.owl#HGNC_645	http://purl.obolibrary.org/obo/mesh_C467319	0.527
http://ncicb.nci.nih.gov/xml/owl/EVS/Hugo.owl#HGNC_26	http://purl.obolibrary.org/obo/mesh_C080620	0.587
http://ncicb.nci.nih.gov/xml/owl/EVS/Hugo.owl#HGNC_3	http://purl.obolibrary.org/obo/mesh_C006524	0.695
http://ncicb.nci.nih.gov/xml/owl/EVS/Hugo.owl#HGNC_816	http://purl.obolibrary.org/obo/mesh_C083155	0.578
http://ncicb.nci.nih.gov/xml/owl/EVS/Hugo.owl#HGNC_400	http://purl.obolibrary.org/obo/mesh_C101847	0.584
http://ncicb.nci.nih.gov/xml/owl/EVS/Hugo.owl#HGNC_64	http://purl.obolibrary.org/obo/mesh_C053584	0.599
http://ncicb.nci.nih.gov/xml/owl/EVS/Hugo.owl#HGNC_24	http://purl.obolibrary.org/obo/mesh_C513348	0.535
http://ncicb.nci.nih.gov/xml/owl/EVS/Hugo.owl#HGNC_45	http://purl.obolibrary.org/obo/mesh_C401223	0.597
http://ncicb.nci.nih.gov/xml/owl/EVS/Hugo.owl#HGNC_363	http://purl.obolibrary.org/obo/mesh_C103891	0.478
http://ncicb.nci.nih.gov/xml/owl/EVS/Hugo.owl#gene_with_no_protein_product	http://purl.obolibrary.org/obo/mesh_C114721	0.59
http://ncicb.nci.nih.gov/xml/owl/EVS/Hugo.owl#HGNC_13	http://purl.obolibrary.org/obo/mesh_C112842	0.712
http://ncicb.nci.nih.gov/xml/owl/EVS/Hugo.owl#HGNC_297	http://purl.obolibrary.org/obo/mesh_C102520	0.479
http://ncicb.nci.nih.gov/xml/owl/EVS/Hugo.owl#HGNC_159	http://purl.obolibrary.org/obo/mesh_C552887	0.51
http://ncicb.nci.nih.gov/xml/owl/EVS/Hugo.owl#HGNC_457	http://purl.obolibrary.org/obo/mesh_C065065	0.495
http://ncicb.nci.nih.gov/xml/owl/EVS/Hugo.owl#HGNC_844	http://purl.obolibrary.org/obo/mesh_C400442	0.448
http://ncicb.nci.nih.gov/xml/owl/EVS/Hugo.owl#HGNC_149	http://purl.obolibrary.org/obo/mesh_C095554	0.539
http://ncicb.nci.nih.gov/xml/owl/EVS/Hugo.owl#HGNC_1	http://purl.obolibrary.org/obo/mesh_D064092	0.696
http://ncicb.nci.nih.gov/xml/owl/EVS/Hugo.owl#HGNC_117	http://purl.obolibrary.org/obo/mesh_C446503	0.575
http://ncicb.nci.nih.gov/xml/owl/EVS/Hugo.owl#HGNC_330	http://purl.obolibrary.org/obo/mesh_C005054	0.59
http://ncicb.nci.nih.gov/xml/owl/EVS/Hugo.owl#HGNC_840	http://purl.obolibrary.org/obo/mesh_C079652	0.576
http://ncicb.nci.nih.gov/xml/owl/EVS/Hugo.owl#HGNC_343	http://purl.obolibrary.org/obo/mesh_C074003	0.551
http://ncicb.nci.nih.gov/xml/owl/EVS/Hugo.owl#HGNC_107	http://purl.obolibrary.org/obo/mesh_C085252	0.555
http://ncicb.nci.nih.gov/xml/owl/EVS/Hugo.owl#HGNC_532	http://purl.obolibrary.org/obo/mesh_C535089	0.506
http://ncicb.nci.nih.gov/xml/owl/EVS/Hugo.owl#HGNC_182	http://purl.obolibrary.org/obo/mesh_C554719	0.53
http://ncicb.nci.nih.gov/xml/owl/EVS/Hugo.owl#HGNC_448	http://purl.obolibrary.org/obo/mesh_C041230	0.466
http://ncicb.nci.nih.gov/xml/owl/EVS/Hugo.owl#HGNC_590	http://purl.obolibrary.org/obo/mesh_C521550	0.43
http://ncicb.nci.nih.gov/xml/owl/EVS/Hugo.owl#HGNC_894	http://purl.obolibrary.org/obo/mesh_C109843	0.467
http://ncicb.nci.nih.gov/xml/owl/EVS/Hugo.owl#HGNC_20	http://purl.obolibrary.org/obo/mesh_C000601792	0.573
http://ncicb.nci.nih.gov/xml/owl/EVS/Hugo.owl#HGNC_967	http://purl.obolibrary.org/obo/mesh_C057856	0.583
http://ncicb.nci.nih.gov/xml/owl/EVS/Hugo.owl#HGNC_774	http://purl.obolibrary.org/obo/mesh_C002384	0.426
http://ncicb.nci.nih.gov/xml/owl/EVS/Hugo.owl#HGNC_511	http://purl.obolibrary.org/obo/mesh_C000599486	0.589
http://ncicb.nci.nih.gov/xml/owl/EVS/Hugo.owl#HGNC_25	http://purl.obolibrary.org/obo/mesh_C013742	0.68
http://ncicb.nci.nih.gov/xml/owl/EVS/Hugo.owl#HGNC_106	http://purl.obolibrary.org/obo/mesh_C073236	0.541
http://ncicb.nci.nih.gov/xml/owl/EVS/Hugo.owl#HGNC_731	http://purl.obolibrary.org/obo/mesh_C404215	0.51
http://ncicb.nci.nih.gov/xml/owl/EVS/Hugo.owl#HGNC_502	http://purl.obolibrary.org/obo/mesh_C060469	0.509
http://ncicb.nci.nih.gov/xml/owl/EVS/Hugo.owl#HGNC_545	http://purl.obolibrary.org/obo/mesh_C000720617	0.525
http://ncicb.nci.nih.gov/xml/owl/EVS/Hugo.owl#HGNC_9	http://purl.obolibrary.org/obo/mesh_C056218	0.662
http://ncicb.nci.nih.gov/xml/owl/EVS/Hugo.owl#HGNC_447	http://purl.obolibrary.org/obo/mesh_C093460	0.451
http://ncicb.nci.nih.gov/xml/owl/EVS/Hugo.owl#HGNC_54	http://purl.obolibrary.org/obo/mesh_C077240	0.638
http://ncicb.nci.nih.gov/xml/owl/EVS/Hugo.owl#HGNC_186	http://purl.obolibrary.org/obo/mesh_C554366	0.597
http://ncicb.nci.nih.gov/xml/owl/EVS/Hugo.owl#HGNC_212	http://purl.obolibrary.org/obo/mesh_C550632	0.6
http://ncicb.nci.nih.gov/xml/owl/EVS/Hugo.owl#HGNC_218	http://purl.obolibrary.org/obo/mesh_C104755	0.551
http://ncicb.nci.nih.gov/xml/owl/EVS/Hugo.owl#HGNC_258	http://purl.obolibrary.org/obo/mesh_C479518	0.513
http://ncicb.nci.nih.gov/xml/owl/EVS/Hugo.owl#HGNC_732	http://purl.obolibrary.org/obo/mesh_C035051	0.44
http://ncicb.nci.nih.gov/xml/owl/EVS/Hugo.owl#HGNC_5	http://purl.obolibrary.org/obo/mesh_C452197	0.675
http://ncicb.nci.nih.gov/xml/owl/EVS/Hugo.owl#HGNC_221	http://purl.obolibrary.org/obo/mesh_C504718	0.572
http://ncicb.nci.nih.gov/xml/owl/EVS/Hugo.owl#HGNC_748	http://purl.obolibrary.org/obo/mesh_C494048	0.501
http://ncicb.nci.nih.gov/xml/owl/EVS/Hugo.owl#pseudogene_group	http://purl.obolibrary.org/obo/mesh_D005785	0.504
http://ncicb.nci.nih.gov/xml/owl/EVS/Hugo.owl#HGNC_18	http://purl.obolibrary.org/obo/mesh_C500055	0.621
http://ncicb.nci.nih.gov/xml/owl/EVS/Hugo.owl#HGNC_638	http://purl.obolibrary.org/obo/mesh_C060747	0.428
http://ncicb.nci.nih.gov/xml/owl/EVS/Hugo.owl#HGNC_622	http://purl.obolibrary.org/obo/mesh_C010649	0.468
http://ncicb.nci.nih.gov/xml/owl/EVS/Hugo.owl#HGNC_27	http://purl.obolibrary.org/obo/mesh_C050142	0.57
http://ncicb.nci.nih.gov/xml/owl/EVS/Hugo.owl#HGNC_85	http://purl.obolibrary.org/obo/mesh_C041216	0.582
http://ncicb.nci.nih.gov/xml/owl/EVS/Hugo.owl#HGNC_10	http://purl.obolibrary.org/obo/mesh_C121202	0.622
http://ncicb.nci.nih.gov/xml/owl/EVS/Hugo.owl#HGNC_29	http://purl.obolibrary.org/obo/mesh_C052685	0.589
http://ncicb.nci.nih.gov/xml/owl/EVS/Hugo.owl#HGNC_987	http://purl.obolibrary.org/obo/mesh_C492680	0.525
http://ncicb.nci.nih.gov/xml/owl/EVS/Hugo.owl#HGNC_960	http://purl.obolibrary.org/obo/mesh_C535142	0.602
http://ncicb.nci.nih.gov/xml/owl/EVS/Hugo.owl#HGNC_410	http://purl.obolibrary.org/obo/mesh_C079180	0.483
http://ncicb.nci.nih.gov/xml/owl/EVS/Hugo.owl#immunoglobulin_pseudogene	http://purl.obolibrary.org/obo/mesh_D050440	0.629
http://ncicb.nci.nih.gov/xml/owl/EVS/Hugo.owl#HGNC_177	http://purl.obolibrary.org/obo/mesh_C011584	0.555
http://ncicb.nci.nih.gov/xml/owl/EVS/Hugo.owl#HGNC_942	http://purl.obolibrary.org/obo/mesh_C046659	0.478
http://ncicb.nci.nih.gov/xml/owl/EVS/Hugo.owl#HGNC_102	http://purl.obolibrary.org/obo/mesh_C007050	0.557
http://ncicb.nci.nih.gov/xml/owl/EVS/Hugo.owl#HGNC_207	http://purl.obolibrary.org/obo/mesh_C476761	0.594
http://ncicb.nci.nih.gov/xml/owl/EVS/Hugo.owl#HGNC_818	http://purl.obolibrary.org/obo/mesh_C096499	0.573
http://ncicb.nci.nih.gov/xml/owl/EVS/Hugo.owl#HGNC_898	http://purl.obolibrary.org/obo/mesh_C107155	0.466
http://ncicb.nci.nih.gov/xml/owl/EVS/Hugo.owl#HGNC_188	http://purl.obolibrary.org/obo/mesh_C543724	0.572
http://ncicb.nci.nih.gov/xml/owl/EVS/Hugo.owl#HGNC_294	http://purl.obolibrary.org/obo/mesh_C439284	0.521
http://ncicb.nci.nih.gov/xml/owl/EVS/Hugo.owl#HGNC_216	http://purl.obolibrary.org/obo/mesh_C548716	0.462
http://ncicb.nci.nih.gov/xml/owl/EVS/Hugo.owl#HGNC_260	http://purl.obolibrary.org/obo/mesh_C562062	0.515
http://ncicb.nci.nih.gov/xml/owl/EVS/Hugo.owl#HGNC_76	http://purl.obolibrary.org/obo/mesh_C070809	0.563
http://ncicb.nci.nih.gov/xml/owl/EVS/Hugo.owl#HGNC_123	http://purl.obolibrary.org/obo/mesh_C401484	0.596
http://ncicb.nci.nih.gov/xml/owl/EVS/Hugo.owl#HGNC_298	http://purl.obolibrary.org/obo/mesh_C064246	0.546
http://ncicb.nci.nih.gov/xml/owl/EVS/Hugo.owl#HGNC_556	http://purl.obolibrary.org/obo/mesh_C113071	0.543
http://ncicb.nci.nih.gov/xml/owl/EVS/Hugo.owl#HGNC_454	http://purl.obolibrary.org/obo/mesh_C040642	0.44
http://ncicb.nci.nih.gov/xml/owl/EVS/Hugo.owl#HGNC_863	http://purl.obolibrary.org/obo/mesh_C090233	0.556
http://ncicb.nci.nih.gov/xml/owl/EVS/Hugo.owl#HGNC_567	http://purl.obolibrary.org/obo/mesh_C483535	0.528
http://ncicb.nci.nih.gov/xml/owl/EVS/Hugo.owl#HGNC_940	http://purl.obolibrary.org/obo/mesh_C006903	0.533
http://ncicb.nci.nih.gov/xml/owl/EVS/Hugo.owl#HGNC_331	http://purl.obolibrary.org/obo/mesh_C087748	0.463
http://ncicb.nci.nih.gov/xml/owl/EVS/Hugo.owl#HGNC_12	http://purl.obolibrary.org/obo/mesh_C094502	0.648
http://ncicb.nci.nih.gov/xml/owl/EVS/Hugo.owl#HGNC_276	http://purl.obolibrary.org/obo/mesh_C404062	0.548
http://ncicb.nci.nih.gov/xml/owl/EVS/Hugo.owl#HGNC_55	http://purl.obolibrary.org/obo/mesh_C052295	0.581
http://ncicb.nci.nih.gov/xml/owl/EVS/Hugo.owl#HGNC_8	http://purl.obolibrary.org/obo/mesh_C056008	0.667
http://ncicb.nci.nih.gov/xml/owl/EVS/Hugo.owl#HGNC_998	http://purl.obolibrary.org/obo/mesh_C047838	0.464
http://ncicb.nci.nih.gov/xml/owl/EVS/Hugo.owl#HGNC_414	http://purl.obolibrary.org/obo/mesh_C475618	0.498
http://ncicb.nci.nih.gov/xml/owl/EVS/Hugo.owl#HGNC_33	http://purl.obolibrary.org/obo/mesh_C079934	0.454
http://ncicb.nci.nih.gov/xml/owl/EVS/Hugo.owl#fragile_site	http://purl.obolibrary.org/obo/mesh_C565001	0.643
http://ncicb.nci.nih.gov/xml/owl/EVS/Hugo.owl#HGNC_19	http://purl.obolibrary.org/obo/mesh_C000595234	0.669
http://ncicb.nci.nih.gov/xml/owl/EVS/Hugo.owl#HGNC_7	http://purl.obolibrary.org/obo/mesh_C028095	0.707
http://ncicb.nci.nih.gov/xml/owl/EVS/Hugo.owl#HGNC_36	http://purl.obolibrary.org/obo/mesh_C026136	0.546
http://ncicb.nci.nih.gov/xml/owl/EVS/Hugo.owl#HGNC_941	http://purl.obolibrary.org/obo/mesh_C115763	0.494
http://ncicb.nci.nih.gov/xml/owl/EVS/Hugo.owl#HGNC_40	http://purl.obolibrary.org/obo/mesh_C521863	0.663
http://ncicb.nci.nih.gov/xml/owl/EVS/Hugo.owl#HGNC_184	http://purl.obolibrary.org/obo/mesh_C534333	0.502
http://ncicb.nci.nih.gov/xml/owl/EVS/Hugo.owl#HGNC_129	http://purl.obolibrary.org/obo/mesh_C089290	0.579
http://ncicb.nci.nih.gov/xml/owl/EVS/Hugo.owl#HGNC_439	http://purl.obolibrary.org/obo/mesh_C096517	0.581
http://ncicb.nci.nih.gov/xml/owl/EVS/Hugo.owl#HGNC_265	http://purl.obolibrary.org/obo/mesh_C568100	0.534
http://ncicb.nci.nih.gov/xml/owl/EVS/Hugo.owl#transposable_element	http://purl.obolibrary.org/obo/mesh_D004603	0.765
http://ncicb.nci.nih.gov/xml/owl/EVS/Hugo.owl#HGNC_972	http://purl.obolibrary.org/obo/mesh_C463522	0.529
http://ncicb.nci.nih.gov/xml/owl/EVS/Hugo.owl#HGNC_154	http://purl.obolibrary.org/obo/mesh_C468751	0.586
http://ncicb.nci.nih.gov/xml/owl/EVS/Hugo.owl#HGNC_16	http://purl.obolibrary.org/obo/mesh_C403184	0.61
http://ncicb.nci.nih.gov/xml/owl/EVS/Hugo.owl#HGNC_882	http://purl.obolibrary.org/obo/mesh_C073895	0.541
http://ncicb.nci.nih.gov/xml/owl/EVS/Hugo.owl#HGNC_911	http://purl.obolibrary.org/obo/mesh_C506618	0.472
http://ncicb.nci.nih.gov/xml/owl/EVS/Hugo.owl#HGNC_101	http://purl.obolibrary.org/obo/mesh_C477243	0.553
http://ncicb.nci.nih.gov/xml/owl/EVS/Hugo.owl#HGNC_365	http://purl.obolibrary.org/obo/mesh_C066511	0.537
http://ncicb.nci.nih.gov/xml/owl/EVS/Hugo.owl#HGNC_200	http://purl.obolibrary.org/obo/mesh_C003807	0.538
http://ncicb.nci.nih.gov/xml/owl/EVS/Hugo.owl#HGNC_658	http://purl.obolibrary.org/obo/mesh_C067895	0.433
http://ncicb.nci.nih.gov/xml/owl/EVS/Hugo.owl#HGNC_286	http://purl.obolibrary.org/obo/mesh_C556441	0.582
http://ncicb.nci.nih.gov/xml/owl/EVS/Hugo.owl#HGNC_11	http://purl.obolibrary.org/obo/mesh_C422265	0.684
http://ncicb.nci.nih.gov/xml/owl/EVS/Hugo.owl#HGNC_240	http://purl.obolibrary.org/obo/mesh_C119306	0.501
http://ncicb.nci.nih.gov/xml/owl/EVS/Hugo.owl#HGNC_403	http://purl.obolibrary.org/obo/mesh_C000609797	0.54
http://ncicb.nci.nih.gov/xml/owl/EVS/Hugo.owl#HGNC_609	http://purl.obolibrary.org/obo/mesh_C400943	0.576
http://ncicb.nci.nih.gov/xml/owl/EVS/Hugo.owl#HGNC_86	http://purl.obolibrary.org/obo/mesh_C487639	0.545
http://ncicb.nci.nih.gov/xml/owl/EVS/Hugo.owl#HGNC_23	http://purl.obolibrary.org/obo/mesh_C077683	0.654
http://ncicb.nci.nih.gov/xml/owl/EVS/Hugo.owl#HGNC_30	http://purl.obolibrary.org/obo/mesh_C116607	0.595
http://ncicb.nci.nih.gov/xml/owl/EVS/Hugo.owl#HGNC_180	http://purl.obolibrary.org/obo/mesh_C410127	0.637
http://ncicb.nci.nih.gov/xml/owl/EVS/Hugo.owl#HGNC_506	http://purl.obolibrary.org/obo/mesh_C107494	0.521
http://ncicb.nci.nih.gov/xml/owl/EVS/Hugo.owl#HGNC_105	http://purl.obolibrary.org/obo/mesh_C552092	0.578
http://ncicb.nci.nih.gov/xml/owl/EVS/Hugo.owl#HGNC_341	http://purl.obolibrary.org/obo/mesh_C531031	0.531
http://ncicb.nci.nih.gov/xml/owl/EVS/Hugo.owl#HGNC_666	http://purl.obolibrary.org/obo/mesh_C445667	0.45
http://ncicb.nci.nih.gov/xml/owl/EVS/Hugo.owl#HGNC_915	http://purl.obolibrary.org/obo/mesh_C535141	0.529
http://ncicb.nci.nih.gov/xml/owl/EVS/Hugo.owl#HGNC_130	http://purl.obolibrary.org/obo/mesh_C550772	0.576
http://ncicb.nci.nih.gov/xml/owl/EVS/Hugo.owl#HGNC_100	http://purl.obolibrary.org/obo/mesh_C539010	0.516
http://ncicb.nci.nih.gov/xml/owl/EVS/Hugo.owl#HGNC_93	http://purl.obolibrary.org/obo/mesh_C562364	0.611
http://ncicb.nci.nih.gov/xml/owl/EVS/Hugo.owl#HGNC_21	http://purl.obolibrary.org/obo/mesh_C109926	0.662
http://ncicb.nci.nih.gov/xml/owl/EVS/Hugo.owl#HGNC_928	http://purl.obolibrary.org/obo/mesh_C105142	0.512
http://ncicb.nci.nih.gov/xml/owl/EVS/Hugo.owl#HGNC_652	http://purl.obolibrary.org/obo/mesh_C107650	0.611
http://ncicb.nci.nih.gov/xml/owl/EVS/Hugo.owl#HGNC_47	http://purl.obolibrary.org/obo/mesh_C038338	0.594
http://ncicb.nci.nih.gov/xml/owl/EVS/Hugo.owl#HGNC_602	http://purl.obolibrary.org/obo/mesh_C472001	0.617
http://ncicb.nci.nih.gov/xml/owl/EVS/Hugo.owl#non-coding_RNA_group	http://purl.obolibrary.org/obo/mesh_C077885	0.786
http://ncicb.nci.nih.gov/xml/owl/EVS/Hugo.owl#HGNC_354	http://purl.obolibrary.org/obo/mesh_C017266	0.472
http://ncicb.nci.nih.gov/xml/owl/EVS/Hugo.owl#HGNC_812	http://purl.obolibrary.org/obo/mesh_C025222	0.58
http://ncicb.nci.nih.gov/xml/owl/EVS/Hugo.owl#HGNC_42	http://purl.obolibrary.org/obo/mesh_C562365	0.605
http://ncicb.nci.nih.gov/xml/owl/EVS/Hugo.owl#HGNC_963	http://purl.obolibrary.org/obo/mesh_C415683	0.615
http://ncicb.nci.nih.gov/xml/owl/EVS/Hugo.owl#HGNC_800	http://purl.obolibrary.org/obo/mesh_C490355	0.541
http://ncicb.nci.nih.gov/xml/owl/EVS/Hugo.owl#HGNC_324	http://purl.obolibrary.org/obo/mesh_C077315	0.461
http://ncicb.nci.nih.gov/xml/owl/EVS/Hugo.owl#HGNC_57	http://purl.obolibrary.org/obo/mesh_C095442	0.582
http://ncicb.nci.nih.gov/xml/owl/EVS/Hugo.owl#HGNC_892	http://purl.obolibrary.org/obo/mesh_C037638	0.459
http://ncicb.nci.nih.gov/xml/owl/EVS/Hugo.owl#HGNC_546	http://purl.obolibrary.org/obo/mesh_C092123	0.574
http://ncicb.nci.nih.gov/xml/owl/EVS/Hugo.owl#HGNC_41	http://purl.obolibrary.org/obo/mesh_C519919	0.566
http://ncicb.nci.nih.gov/xml/owl/EVS/Hugo.owl#HGNC_230	http://purl.obolibrary.org/obo/mesh_C070246	0.518
http://ncicb.nci.nih.gov/xml/owl/EVS/Hugo.owl#HGNC_103	http://purl.obolibrary.org/obo/mesh_C407006	0.544
http://ncicb.nci.nih.gov/xml/owl/EVS/Hugo.owl#HGNC_949	http://purl.obolibrary.org/obo/mesh_C414087	0.485
http://ncicb.nci.nih.gov/xml/owl/EVS/Hugo.owl#HGNC_50	http://purl.obolibrary.org/obo/mesh_C401702	0.647
http://ncicb.nci.nih.gov/xml/owl/EVS/Hugo.owl#HGNC_679	http://purl.obolibrary.org/obo/mesh_C000621712	0.544
http://ncicb.nci.nih.gov/xml/owl/EVS/Hugo.owl#HGNC_115	http://purl.obolibrary.org/obo/mesh_C017635	0.582
http://ncicb.nci.nih.gov/xml/owl/EVS/Hugo.owl#HGNC_604	http://purl.obolibrary.org/obo/mesh_C556738	0.582
http://ncicb.nci.nih.gov/xml/owl/EVS/Hugo.owl#HGNC_901	http://purl.obolibrary.org/obo/mesh_C120833	0.475
http://ncicb.nci.nih.gov/xml/owl/EVS/Hugo.owl#HGNC_257	http://purl.obolibrary.org/obo/mesh_C108520	0.548
http://ncicb.nci.nih.gov/xml/owl/EVS/Hugo.owl#HGNC_569	http://purl.obolibrary.org/obo/mesh_C413879	0.58
http://ncicb.nci.nih.gov/xml/owl/EVS/Hugo.owl#HGNC_66	http://purl.obolibrary.org/obo/mesh_C072267	0.439
http://ncicb.nci.nih.gov/xml/owl/EVS/Hugo.owl#HGNC_520	http://purl.obolibrary.org/obo/mesh_C455240	0.442
http://ncicb.nci.nih.gov/xml/owl/EVS/Hugo.owl#HGNC_329	http://purl.obolibrary.org/obo/mesh_C570354	0.538
http://ncicb.nci.nih.gov/xml/owl/EVS/Hugo.owl#HGNC_157	http://purl.obolibrary.org/obo/mesh_C083833	0.559
http://ncicb.nci.nih.gov/xml/owl/EVS/Hugo.owl#HGNC_48	http://purl.obolibrary.org/obo/mesh_C551388	0.571
http://ncicb.nci.nih.gov/xml/owl/EVS/Hugo.owl#HGNC_397	http://purl.obolibrary.org/obo/mesh_C084367	0.501
http://ncicb.nci.nih.gov/xml/owl/EVS/Hugo.owl#HGNC_17	http://purl.obolibrary.org/obo/mesh_C009859	0.605
http://ncicb.nci.nih.gov/xml/owl/EVS/Hugo.owl#HGNC_309	http://purl.obolibrary.org/obo/mesh_C087390	0.514
http://ncicb.nci.nih.gov/xml/owl/EVS/Hugo.owl#HGNC_399	http://purl.obolibrary.org/obo/mesh_C443679	0.552
http://ncicb.nci.nih.gov/xml/owl/EVS/Hugo.owl#HGNC_583	http://purl.obolibrary.org/obo/mesh_C517483	0.527
http://ncicb.nci.nih.gov/xml/owl/EVS/Hugo.owl#HGNC_210	http://purl.obolibrary.org/obo/mesh_C088258	0.581
http://ncicb.nci.nih.gov/xml/owl/EVS/Hugo.owl#HGNC_533	http://purl.obolibrary.org/obo/mesh_C120672	0.457
http://ncicb.nci.nih.gov/xml/owl/EVS/Hugo.owl#HGNC_150	http://purl.obolibrary.org/obo/mesh_C539488	0.619
http://ncicb.nci.nih.gov/xml/owl/EVS/Hugo.owl#HGNC_328	http://purl.obolibrary.org/obo/mesh_C570355	0.562
http://ncicb.nci.nih.gov/xml/owl/EVS/Hugo.owl#HGNC_136	http://purl.obolibrary.org/obo/mesh_C053066	0.595
http://ncicb.nci.nih.gov/xml/owl/EVS/Hugo.owl#HGNC_603	http://purl.obolibrary.org/obo/mesh_C556736	0.596
http://ncicb.nci.nih.gov/xml/owl/EVS/Hugo.owl#HGNC_143	http://purl.obolibrary.org/obo/mesh_C055482	0.562
http://ncicb.nci.nih.gov/xml/owl/EVS/Hugo.owl#HGNC_700	http://purl.obolibrary.org/obo/mesh_C525731	0.574
http://ncicb.nci.nih.gov/xml/owl/EVS/Hugo.owl#HGNC_197	http://purl.obolibrary.org/obo/mesh_C551661	0.567
http://ncicb.nci.nih.gov/xml/owl/EVS/Hugo.owl#HGNC_222	http://purl.obolibrary.org/obo/mesh_C077353	0.567
http://ncicb.nci.nih.gov/xml/owl/EVS/Hugo.owl#HGNC_301	http://purl.obolibrary.org/obo/mesh_C488463	0.495
http://ncicb.nci.nih.gov/xml/owl/EVS/Hugo.owl#HGNC_888	http://purl.obolibrary.org/obo/mesh_C559121	0.503
http://ncicb.nci.nih.gov/xml/owl/EVS/Hugo.owl#phenotype_group	http://purl.obolibrary.org/obo/mesh_C535508	0.544
http://ncicb.nci.nih.gov/xml/owl/EVS/Hugo.owl#HGNC_15	http://purl.obolibrary.org/obo/mesh_C047973	0.727
http://ncicb.nci.nih.gov/xml/owl/EVS/Hugo.owl#HGNC_610	http://purl.obolibrary.org/obo/mesh_C026997	0.601
http://ncicb.nci.nih.gov/xml/owl/EVS/Hugo.owl#HGNC_792	http://purl.obolibrary.org/obo/mesh_C096828	0.592
http://ncicb.nci.nih.gov/xml/owl/EVS/Hugo.owl#HGNC_306	http://purl.obolibrary.org/obo/mesh_C067464	0.491
http://ncicb.nci.nih.gov/xml/owl/EVS/Hugo.owl#HGNC_190	http://purl.obolibrary.org/obo/mesh_C059048	0.46
http://ncicb.nci.nih.gov/xml/owl/EVS/Hugo.owl#HGNC_899	http://purl.obolibrary.org/obo/mesh_C534138	0.493
http://ncicb.nci.nih.gov/xml/owl/EVS/Hugo.owl#HGNC_409	http://purl.obolibrary.org/obo/mesh_C526977	0.58
http://ncicb.nci.nih.gov/xml/owl/EVS/Hugo.owl#HGNC_858	http://purl.obolibrary.org/obo/mesh_C001887	0.487
http://ncicb.nci.nih.gov/xml/owl/EVS/Hugo.owl#HGNC_611	http://purl.obolibrary.org/obo/mesh_C081076	0.574
http://ncicb.nci.nih.gov/xml/owl/EVS/Hugo.owl#HGNC_162	http://purl.obolibrary.org/obo/mesh_C554365	0.578
http://ncicb.nci.nih.gov/xml/owl/EVS/Hugo.owl#HGNC_75	http://purl.obolibrary.org/obo/mesh_C549211	0.536
http://ncicb.nci.nih.gov/xml/owl/EVS/Hugo.owl#HGNC_49	http://purl.obolibrary.org/obo/mesh_C058852	0.654
http://ncicb.nci.nih.gov/xml/owl/EVS/Hugo.owl#HGNC_758	http://purl.obolibrary.org/obo/mesh_C102509	0.465
http://ncicb.nci.nih.gov/xml/owl/EVS/Hugo.owl#HGNC_323	http://purl.obolibrary.org/obo/mesh_C048848	0.536
http://ncicb.nci.nih.gov/xml/owl/EVS/Hugo.owl#withdrawn_group	http://purl.obolibrary.org/obo/mesh_C000345	0.524
http://ncicb.nci.nih.gov/xml/owl/EVS/Hugo.owl#HGNC_14	http://purl.obolibrary.org/obo/mesh_C000717292	0.705
http://ncicb.nci.nih.gov/xml/owl/EVS/Hugo.owl#HGNC_741	http://purl.obolibrary.org/obo/mesh_C069054	0.455
http://ncicb.nci.nih.gov/xml/owl/EVS/Hugo.owl#HGNC_377	http://purl.obolibrary.org/obo/mesh_C400461	0.608
http://ncicb.nci.nih.gov/xml/owl/EVS/Hugo.owl#endogenous_retrovirus	http://purl.obolibrary.org/obo/mesh_D020077	0.76
http://ncicb.nci.nih.gov/xml/owl/EVS/Hugo.owl#HGNC_174	http://purl.obolibrary.org/obo/mesh_C014687	0.646
http://ncicb.nci.nih.gov/xml/owl/EVS/Hugo.owl#HGNC_530	http://purl.obolibrary.org/obo/mesh_C077440	0.548
http://ncicb.nci.nih.gov/xml/owl/EVS/Hugo.owl#HGNC_198	http://purl.obolibrary.org/obo/mesh_C059866	0.489
http://ncicb.nci.nih.gov/xml/owl/EVS/Hugo.owl#HGNC_961	http://purl.obolibrary.org/obo/mesh_C413505	0.61
http://ncicb.nci.nih.gov/xml/owl/EVS/Hugo.owl#HGNC_272	http://purl.obolibrary.org/obo/mesh_C077822	0.581
http://ncicb.nci.nih.gov/xml/owl/EVS/Hugo.owl#HGNC_607	http://purl.obolibrary.org/obo/mesh_C057558	0.599
http://ncicb.nci.nih.gov/xml/owl/EVS/Hugo.owl#HGNC_386	http://purl.obolibrary.org/obo/mesh_C108845	0.611
http://ncicb.nci.nih.gov/xml/owl/EVS/Hugo.owl#HGNC_550	http://purl.obolibrary.org/obo/mesh_C000591741	0.514
http://ncicb.nci.nih.gov/xml/owl/EVS/Hugo.owl#HGNC_22	http://purl.obolibrary.org/obo/mesh_C077810	0.824
http://ncicb.nci.nih.gov/xml/owl/EVS/Hugo.owl#HGNC_53	http://purl.obolibrary.org/obo/mesh_C099874	0.521
http://ncicb.nci.nih.gov/xml/owl/EVS/Hugo.owl#HGNC_51	http://purl.obolibrary.org/obo/mesh_C083586	0.616
http://ncicb.nci.nih.gov/xml/owl/EVS/Hugo.owl#HGNC_515	http://purl.obolibrary.org/obo/mesh_C417047	0.504
http://ncicb.nci.nih.gov/xml/owl/EVS/Hugo.owl#HGNC_327	http://purl.obolibrary.org/obo/mesh_C424127	0.487
http://ncicb.nci.nih.gov/xml/owl/EVS/Hugo.owl#HGNC_436	http://purl.obolibrary.org/obo/mesh_C084325	0.543
http://ncicb.nci.nih.gov/xml/owl/EVS/Hugo.owl#HGNC_529	http://purl.obolibrary.org/obo/mesh_C533469	0.5
http://ncicb.nci.nih.gov/xml/owl/EVS/Hugo.owl#HGNC_156	http://purl.obolibrary.org/obo/mesh_C049610	0.53
http://ncicb.nci.nih.gov/xml/owl/EVS/Hugo.owl#HGNC_90	http://purl.obolibrary.org/obo/mesh_C068810	0.549
http://ncicb.nci.nih.gov/xml/owl/EVS/Hugo.owl#HGNC_124	http://purl.obolibrary.org/obo/mesh_C560412	0.536
http://ncicb.nci.nih.gov/xml/owl/EVS/Hugo.owl#HGNC_87	http://purl.obolibrary.org/obo/mesh_C048186	0.588
http://ncicb.nci.nih.gov/xml/owl/EVS/Hugo.owl#HGNC_759	http://purl.obolibrary.org/obo/mesh_C570356	0.5
http://ncicb.nci.nih.gov/xml/owl/EVS/Hugo.owl#HGNC_760	http://purl.obolibrary.org/obo/mesh_C002498	0.543
http://ncicb.nci.nih.gov/xml/owl/EVS/Hugo.owl#HGNC_312	http://purl.obolibrary.org/obo/mesh_C478148	0.544
http://ncicb.nci.nih.gov/xml/owl/EVS/Hugo.owl#HGNC_326	http://purl.obolibrary.org/obo/mesh_C491905	0.53
http://ncicb.nci.nih.gov/xml/owl/EVS/Hugo.owl#HGNC_139	http://purl.obolibrary.org/obo/mesh_C000600954	0.545
http://ncicb.nci.nih.gov/xml/owl/EVS/Hugo.owl#HGNC_623	http://purl.obolibrary.org/obo/mesh_C119100	0.502
http://ncicb.nci.nih.gov/xml/owl/EVS/Hugo.owl#HGNC_594	http://purl.obolibrary.org/obo/mesh_C487992	0.599
http://ncicb.nci.nih.gov/xml/owl/EVS/Hugo.owl#HGNC_234	http://purl.obolibrary.org/obo/mesh_C045154	0.575
http://ncicb.nci.nih.gov/xml/owl/EVS/Hugo.owl#HGNC_776	http://purl.obolibrary.org/obo/mesh_C434322	0.467
http://ncicb.nci.nih.gov/xml/owl/EVS/Hugo.owl#HGNC_43	http://purl.obolibrary.org/obo/mesh_C091210	0.646
http://ncicb.nci.nih.gov/xml/owl/EVS/Hugo.owl#HGNC_795	http://purl.obolibrary.org/obo/mesh_C096453	0.422
http://ncicb.nci.nih.gov/xml/owl/EVS/Hugo.owl#HGNC_810	http://purl.obolibrary.org/obo/mesh_C558491	0.479
http://ncicb.nci.nih.gov/xml/owl/EVS/Hugo.owl#HGNC_601	http://purl.obolibrary.org/obo/mesh_C101291	0.567
http://ncicb.nci.nih.gov/xml/owl/EVS/Hugo.owl#HGNC_794	http://purl.obolibrary.org/obo/mesh_C050470	0.455
http://ncicb.nci.nih.gov/xml/owl/EVS/Hugo.owl#HGNC_505	http://purl.obolibrary.org/obo/mesh_C105772	0.473
http://ncicb.nci.nih.gov/xml/owl/EVS/Hugo.owl#HGNC_906	http://purl.obolibrary.org/obo/mesh_C476037	0.531
http://ncicb.nci.nih.gov/xml/owl/EVS/Hugo.owl#HGNC_73	http://purl.obolibrary.org/obo/mesh_C435221	0.555
http://ncicb.nci.nih.gov/xml/owl/EVS/Hugo.owl#HGNC_147	http://purl.obolibrary.org/obo/mesh_C099872	0.541
http://ncicb.nci.nih.gov/xml/owl/EVS/Hugo.owl#HGNC_671	http://purl.obolibrary.org/obo/mesh_C093160	0.569
http://ncicb.nci.nih.gov/xml/owl/EVS/Hugo.owl#HGNC_778	http://purl.obolibrary.org/obo/mesh_C120450	0.479
http://ncicb.nci.nih.gov/xml/owl/EVS/Hugo.owl#HGNC_132	http://purl.obolibrary.org/obo/mesh_C091799	0.574
http://ncicb.nci.nih.gov/xml/owl/EVS/Hugo.owl#HGNC_290	http://purl.obolibrary.org/obo/mesh_C515225	0.599
http://ncicb.nci.nih.gov/xml/owl/EVS/Hugo.owl#HGNC_233	http://purl.obolibrary.org/obo/mesh_C028964	0.575
http://ncicb.nci.nih.gov/xml/owl/EVS/Hugo.owl#HGNC_543	http://purl.obolibrary.org/obo/mesh_C112296	0.559
http://ncicb.nci.nih.gov/xml/owl/EVS/Hugo.owl#HGNC_464	http://purl.obolibrary.org/obo/mesh_C554438	0.568
http://ncicb.nci.nih.gov/xml/owl/EVS/Hugo.owl#HGNC_52	http://purl.obolibrary.org/obo/mesh_C083587	0.603
http://ncicb.nci.nih.gov/xml/owl/EVS/Hugo.owl#HGNC_39	http://purl.obolibrary.org/obo/mesh_C419203	0.603
http://ncicb.nci.nih.gov/xml/owl/EVS/Hugo.owl#HGNC_142	http://purl.obolibrary.org/obo/mesh_C005907	0.449
http://ncicb.nci.nih.gov/xml/owl/EVS/Hugo.owl#HGNC_889	http://purl.obolibrary.org/obo/mesh_C557084	0.459
http://ncicb.nci.nih.gov/xml/owl/EVS/Hugo.owl#HGNC_262	http://purl.obolibrary.org/obo/mesh_C557291	0.533
http://ncicb.nci.nih.gov/xml/owl/EVS/Hugo.owl#HGNC_513	http://purl.obolibrary.org/obo/mesh_C402725	0.592
http://ncicb.nci.nih.gov/xml/owl/EVS/Hugo.owl#HGNC_908	http://purl.obolibrary.org/obo/mesh_C081356	0.546
http://ncicb.nci.nih.gov/xml/owl/EVS/Hugo.owl#HGNC_510	http://purl.obolibrary.org/obo/mesh_C500743	0.506
http://ncicb.nci.nih.gov/xml/owl/EVS/Hugo.owl#T_cell_receptor_pseudogene	http://purl.obolibrary.org/obo/mesh_C075784	0.677
http://ncicb.nci.nih.gov/xml/owl/EVS/Hugo.owl#HGNC_273	http://purl.obolibrary.org/obo/mesh_C539856	0.536
http://ncicb.nci.nih.gov/xml/owl/EVS/Hugo.owl#HGNC_308	http://purl.obolibrary.org/obo/mesh_C057108	0.523
http://ncicb.nci.nih.gov/xml/owl/EVS/Hugo.owl#HGNC_352	http://purl.obolibrary.org/obo/mesh_C100214	0.515
http://ncicb.nci.nih.gov/xml/owl/EVS/Hugo.owl#HGNC_148	http://purl.obolibrary.org/obo/mesh_C402823	0.595
http://ncicb.nci.nih.gov/xml/owl/EVS/Hugo.owl#HGNC_743	http://purl.obolibrary.org/obo/mesh_C072808	0.509
http://ncicb.nci.nih.gov/xml/owl/EVS/Hugo.owl#HGNC_943	http://purl.obolibrary.org/obo/mesh_C409044	0.482
http://ncicb.nci.nih.gov/xml/owl/EVS/Hugo.owl#HGNC_750	http://purl.obolibrary.org/obo/mesh_C489336	0.601
http://ncicb.nci.nih.gov/xml/owl/EVS/Hugo.owl#HGNC_97	http://purl.obolibrary.org/obo/mesh_C104772	0.45
http://ncicb.nci.nih.gov/xml/owl/EVS/Hugo.owl#HGNC_993	http://purl.obolibrary.org/obo/mesh_C447679	0.567
http://ncicb.nci.nih.gov/xml/owl/EVS/Hugo.owl#HGNC_517	http://purl.obolibrary.org/obo/mesh_C433773	0.466
http://ncicb.nci.nih.gov/xml/owl/EVS/Hugo.owl#HGNC_527	http://purl.obolibrary.org/obo/mesh_C064866	0.51
http://ncicb.nci.nih.gov/xml/owl/EVS/Hugo.owl#HGNC_806	http://purl.obolibrary.org/obo/mesh_C121164	0.428
http://ncicb.nci.nih.gov/xml/owl/EVS/Hugo.owl#HGNC_923	http://purl.obolibrary.org/obo/mesh_C412307	0.573
http://ncicb.nci.nih.gov/xml/owl/EVS/Hugo.owl#HGNC_145	http://purl.obolibrary.org/obo/mesh_C543723	0.542
http://ncicb.nci.nih.gov/xml/owl/EVS/Hugo.owl#HGNC_92	http://purl.obolibrary.org/obo/mesh_C417037	0.566
http://ncicb.nci.nih.gov/xml/owl/EVS/Hugo.owl#HGNC_316	http://purl.obolibrary.org/obo/mesh_C568777	0.547
http://ncicb.nci.nih.gov/xml/owl/EVS/Hugo.owl#HGNC_80	http://purl.obolibrary.org/obo/mesh_C109021	0.654
http://ncicb.nci.nih.gov/xml/owl/EVS/Hugo.owl#HGNC_936	http://purl.obolibrary.org/obo/mesh_C518183	0.588
http://ncicb.nci.nih.gov/xml/owl/EVS/Hugo.owl#HGNC_825	http://purl.obolibrary.org/obo/mesh_C040243	0.539
http://ncicb.nci.nih.gov/xml/owl/EVS/Hugo.owl#HGNC_104	http://purl.obolibrary.org/obo/mesh_C067096	0.524
http://ncicb.nci.nih.gov/xml/owl/EVS/Hugo.owl#HGNC_319	http://purl.obolibrary.org/obo/mesh_C029123	0.444
http://ncicb.nci.nih.gov/xml/owl/EVS/Hugo.owl#HGNC_518	http://purl.obolibrary.org/obo/mesh_C079691	0.466
http://ncicb.nci.nih.gov/xml/owl/EVS/Hugo.owl#HGNC_288	http://purl.obolibrary.org/obo/mesh_C088605	0.434
http://ncicb.nci.nih.gov/xml/owl/EVS/Hugo.owl#HGNC_538	http://purl.obolibrary.org/obo/mesh_C033110	0.635
http://ncicb.nci.nih.gov/xml/owl/EVS/Hugo.owl#HGNC_593	http://purl.obolibrary.org/obo/mesh_C557405	0.553
http://ncicb.nci.nih.gov/xml/owl/EVS/Hugo.owl#HGNC_140	http://purl.obolibrary.org/obo/mesh_C079889	0.623
http://ncicb.nci.nih.gov/xml/owl/EVS/Hugo.owl#HGNC_122	http://purl.obolibrary.org/obo/mesh_C063255	0.576
http://ncicb.nci.nih.gov/xml/owl/EVS/Hugo.owl#HGNC_930	http://purl.obolibrary.org/obo/mesh_C080469	0.563
http://ncicb.nci.nih.gov/xml/owl/EVS/Hugo.owl#HGNC_451	http://purl.obolibrary.org/obo/mesh_C116250	0.519
http://ncicb.nci.nih.gov/xml/owl/EVS/Hugo.owl#HGNC_456	http://purl.obolibrary.org/obo/mesh_C423467	0.515
http://ncicb.nci.nih.gov/xml/owl/EVS/Hugo.owl#HGNC_793	http://purl.obolibrary.org/obo/mesh_C103543	0.536
http://ncicb.nci.nih.gov/xml/owl/EVS/Hugo.owl#HGNC_573	http://purl.obolibrary.org/obo/mesh_C058686	0.494
http://ncicb.nci.nih.gov/xml/owl/EVS/Hugo.owl#HGNC_500	http://purl.obolibrary.org/obo/mesh_C587857	0.546
http://ncicb.nci.nih.gov/xml/owl/EVS/Hugo.owl#HGNC_568	http://purl.obolibrary.org/obo/mesh_C000607448	0.442
http://ncicb.nci.nih.gov/xml/owl/EVS/Hugo.owl#HGNC_401	http://purl.obolibrary.org/obo/mesh_C569479	0.534
http://ncicb.nci.nih.gov/xml/owl/EVS/Hugo.owl#HGNC_242	http://purl.obolibrary.org/obo/mesh_C061598	0.43
http://ncicb.nci.nih.gov/xml/owl/EVS/Hugo.owl#HGNC_393	http://purl.obolibrary.org/obo/mesh_C561018	0.586
http://ncicb.nci.nih.gov/xml/owl/EVS/Hugo.owl#HGNC_284	http://purl.obolibrary.org/obo/mesh_C000993	0.465
http://ncicb.nci.nih.gov/xml/owl/EVS/Hugo.owl#HGNC_300	http://purl.obolibrary.org/obo/mesh_C061701	0.574
http://ncicb.nci.nih.gov/xml/owl/EVS/Hugo.owl#HGNC_501	http://purl.obolibrary.org/obo/mesh_C000630676	0.575
http://ncicb.nci.nih.gov/xml/owl/EVS/Hugo.owl#HGNC_133	http://purl.obolibrary.org/obo/mesh_C104127	0.544
http://ncicb.nci.nih.gov/xml/owl/EVS/Hugo.owl#HGNC_120	http://purl.obolibrary.org/obo/mesh_C040896	0.543
http://ncicb.nci.nih.gov/xml/owl/EVS/Hugo.owl#HGNC_314	http://purl.obolibrary.org/obo/mesh_C532454	0.527
http://ncicb.nci.nih.gov/xml/owl/EVS/Hugo.owl#HGNC_886	http://purl.obolibrary.org/obo/mesh_C037057	0.572
http://ncicb.nci.nih.gov/xml/owl/EVS/Hugo.owl#HGNC_138	http://purl.obolibrary.org/obo/mesh_C054644	0.516
http://ncicb.nci.nih.gov/xml/owl/EVS/Hugo.owl#HGNC_127	http://purl.obolibrary.org/obo/mesh_C555233	0.573
http://ncicb.nci.nih.gov/xml/owl/EVS/Hugo.owl#HGNC_335	http://purl.obolibrary.org/obo/mesh_C089656	0.484
http://ncicb.nci.nih.gov/xml/owl/EVS/Hugo.owl#HGNC_114	http://purl.obolibrary.org/obo/mesh_C499828	0.604
http://ncicb.nci.nih.gov/xml/owl/EVS/Hugo.owl#HGNC_372	http://purl.obolibrary.org/obo/mesh_C006092	0.443
http://ncicb.nci.nih.gov/xml/owl/EVS/Hugo.owl#HGNC_925	http://purl.obolibrary.org/obo/mesh_C076004	0.437
http://ncicb.nci.nih.gov/xml/owl/EVS/Hugo.owl#HGNC_261	http://purl.obolibrary.org/obo/mesh_C413724	0.482
http://ncicb.nci.nih.gov/xml/owl/EVS/Hugo.owl#HGNC_796	http://purl.obolibrary.org/obo/mesh_C058533	0.462
http://ncicb.nci.nih.gov/xml/owl/EVS/Hugo.owl#HGNC_152	http://purl.obolibrary.org/obo/mesh_C544974	0.568
http://ncicb.nci.nih.gov/xml/owl/EVS/Hugo.owl#HGNC_34	http://purl.obolibrary.org/obo/mesh_C570114	0.616
http://ncicb.nci.nih.gov/xml/owl/EVS/Hugo.owl#HGNC_801	http://purl.obolibrary.org/obo/mesh_C405711	0.579
http://ncicb.nci.nih.gov/xml/owl/EVS/Hugo.owl#HGNC_232	http://purl.obolibrary.org/obo/mesh_C578624	0.585
http://ncicb.nci.nih.gov/xml/owl/EVS/Hugo.owl#HGNC_78	http://purl.obolibrary.org/obo/mesh_C027997	0.584
http://ncicb.nci.nih.gov/xml/owl/EVS/Hugo.owl#HGNC_112	http://purl.obolibrary.org/obo/mesh_C077123	0.528
http://ncicb.nci.nih.gov/xml/owl/EVS/Hugo.owl#HGNC_199	http://purl.obolibrary.org/obo/mesh_C498371	0.553
http://ncicb.nci.nih.gov/xml/owl/EVS/Hugo.owl#HGNC_251	http://purl.obolibrary.org/obo/mesh_C556907	0.564
http://ncicb.nci.nih.gov/xml/owl/EVS/Hugo.owl#HGNC_89	http://purl.obolibrary.org/obo/mesh_C050501	0.597
http://ncicb.nci.nih.gov/xml/owl/EVS/Hugo.owl#HGNC_378	http://purl.obolibrary.org/obo/mesh_C039258	0.592
http://ncicb.nci.nih.gov/xml/owl/EVS/Hugo.owl#HGNC_209	http://purl.obolibrary.org/obo/mesh_C078453	0.596
http://ncicb.nci.nih.gov/xml/owl/EVS/Hugo.owl#HGNC_31	http://purl.obolibrary.org/obo/mesh_C531972	0.625
http://ncicb.nci.nih.gov/xml/owl/EVS/Hugo.owl#HGNC_525	http://purl.obolibrary.org/obo/mesh_C111565	0.48
http://ncicb.nci.nih.gov/xml/owl/EVS/Hugo.owl#HGNC_476	http://purl.obolibrary.org/obo/mesh_C104428	0.607
http://ncicb.nci.nih.gov/xml/owl/EVS/Hugo.owl#HGNC_121	http://purl.obolibrary.org/obo/mesh_C120260	0.527
http://ncicb.nci.nih.gov/xml/owl/EVS/Hugo.owl#HGNC_266	http://purl.obolibrary.org/obo/mesh_C014839	0.515
http://ncicb.nci.nih.gov/xml/owl/EVS/Hugo.owl#HGNC_600	http://purl.obolibrary.org/obo/mesh_C000595126	0.581
http://ncicb.nci.nih.gov/xml/owl/EVS/Hugo.owl#HGNC_996	http://purl.obolibrary.org/obo/mesh_C092503	0.462
http://ncicb.nci.nih.gov/xml/owl/EVS/Hugo.owl#HGNC_202	http://purl.obolibrary.org/obo/mesh_C541987	0.593
http://ncicb.nci.nih.gov/xml/owl/EVS/Hugo.owl#HGNC_111	http://purl.obolibrary.org/obo/mesh_C415600	0.513
http://ncicb.nci.nih.gov/xml/owl/EVS/Hugo.owl#HGNC_937	http://purl.obolibrary.org/obo/mesh_C036628	0.424
http://ncicb.nci.nih.gov/xml/owl/EVS/Hugo.owl#HGNC_620	http://purl.obolibrary.org/obo/mesh_C544307	0.519
http://ncicb.nci.nih.gov/xml/owl/EVS/Hugo.owl#HGNC_581	http://purl.obolibrary.org/obo/mesh_C074329	0.571
http://ncicb.nci.nih.gov/xml/owl/EVS/Hugo.owl#HGNC_37	http://purl.obolibrary.org/obo/mesh_C052294	0.616
http://ncicb.nci.nih.gov/xml/owl/EVS/Hugo.owl#HGNC_453	http://purl.obolibrary.org/obo/mesh_C077100	0.45
http://ncicb.nci.nih.gov/xml/owl/EVS/Hugo.owl#HGNC_171	http://purl.obolibrary.org/obo/mesh_C053315	0.532
http://ncicb.nci.nih.gov/xml/owl/EVS/Hugo.owl#HGNC_826	http://purl.obolibrary.org/obo/mesh_C077265	0.545
http://ncicb.nci.nih.gov/xml/owl/EVS/Hugo.owl#HGNC_59	http://purl.obolibrary.org/obo/mesh_C064635	0.5
http://ncicb.nci.nih.gov/xml/owl/EVS/Hugo.owl#HGNC_994	http://purl.obolibrary.org/obo/mesh_C081895	0.485
http://ncicb.nci.nih.gov/xml/owl/EVS/Hugo.owl#HGNC_277	http://purl.obolibrary.org/obo/mesh_C096856	0.609
http://ncicb.nci.nih.gov/xml/owl/EVS/Hugo.owl#HGNC_910	http://purl.obolibrary.org/obo/mesh_C084545	0.606
http://ncicb.nci.nih.gov/xml/owl/EVS/Hugo.owl#HGNC_268	http://purl.obolibrary.org/obo/mesh_C099419	0.559
http://ncicb.nci.nih.gov/xml/owl/EVS/Hugo.owl#HGNC_697	http://purl.obolibrary.org/obo/mesh_C064874	0.468
http://ncicb.nci.nih.gov/xml/owl/EVS/Hugo.owl#HGNC_394	http://purl.obolibrary.org/obo/mesh_C092136	0.493
http://ncicb.nci.nih.gov/xml/owl/EVS/Hugo.owl#HGNC_779	http://purl.obolibrary.org/obo/mesh_C119369	0.548
http://ncicb.nci.nih.gov/xml/owl/EVS/Hugo.owl#HGNC_770	http://purl.obolibrary.org/obo/mesh_C083752	0.641
http://ncicb.nci.nih.gov/xml/owl/EVS/Hugo.owl#HGNC_116	http://purl.obolibrary.org/obo/mesh_C488093	0.528
http://ncicb.nci.nih.gov/xml/owl/EVS/Hugo.owl#HGNC_109	http://purl.obolibrary.org/obo/mesh_C031578	0.565
http://ncicb.nci.nih.gov/xml/owl/EVS/Hugo.owl#HGNC_128	http://purl.obolibrary.org/obo/mesh_C092107	0.461
http://ncicb.nci.nih.gov/xml/owl/EVS/Hugo.owl#HGNC_420	http://purl.obolibrary.org/obo/mesh_C520838	0.544
http://ncicb.nci.nih.gov/xml/owl/EVS/Hugo.owl#HGNC_220	http://purl.obolibrary.org/obo/mesh_C118640	0.546
http://ncicb.nci.nih.gov/xml/owl/EVS/Hugo.owl#HGNC_706	http://purl.obolibrary.org/obo/mesh_C081773	0.464
http://ncicb.nci.nih.gov/xml/owl/EVS/Hugo.owl#HGNC_719	http://purl.obolibrary.org/obo/mesh_C118197	0.494
http://ncicb.nci.nih.gov/xml/owl/EVS/Hugo.owl#HGNC_465	http://purl.obolibrary.org/obo/mesh_C582139	0.53
http://ncicb.nci.nih.gov/xml/owl/EVS/Hugo.owl#HGNC_462	http://purl.obolibrary.org/obo/mesh_C530382	0.559
http://ncicb.nci.nih.gov/xml/owl/EVS/Hugo.owl#HGNC_241	http://purl.obolibrary.org/obo/mesh_C515031	0.53
http://ncicb.nci.nih.gov/xml/owl/EVS/Hugo.owl#HGNC_264	http://purl.obolibrary.org/obo/mesh_C062342	0.547
http://ncicb.nci.nih.gov/xml/owl/EVS/Hugo.owl#HGNC_437	http://purl.obolibrary.org/obo/mesh_C060264	0.549
http://ncicb.nci.nih.gov/xml/owl/EVS/Hugo.owl#HGNC_72	http://purl.obolibrary.org/obo/mesh_C533052	0.531
http://ncicb.nci.nih.gov/xml/owl/EVS/Hugo.owl#HGNC_631	http://purl.obolibrary.org/obo/mesh_C104426	0.58
http://ncicb.nci.nih.gov/xml/owl/EVS/Hugo.owl#HGNC_299	http://purl.obolibrary.org/obo/mesh_C416658	0.517
http://ncicb.nci.nih.gov/xml/owl/EVS/Hugo.owl#HGNC_919	http://purl.obolibrary.org/obo/mesh_D015365	0.503
http://ncicb.nci.nih.gov/xml/owl/EVS/Hugo.owl#HGNC_99	http://purl.obolibrary.org/obo/mesh_C079888	0.574
http://ncicb.nci.nih.gov/xml/owl/EVS/Hugo.owl#HGNC_627	http://purl.obolibrary.org/obo/mesh_C016854	0.433
http://ncicb.nci.nih.gov/xml/owl/EVS/Hugo.owl#HGNC_954	http://purl.obolibrary.org/obo/mesh_C505297	0.621
http://ncicb.nci.nih.gov/xml/owl/EVS/Hugo.owl#HGNC_118	http://purl.obolibrary.org/obo/mesh_C092093	0.562
http://ncicb.nci.nih.gov/xml/owl/EVS/Hugo.owl#HGNC_459	http://purl.obolibrary.org/obo/mesh_C034323	0.526
http://ncicb.nci.nih.gov/xml/owl/EVS/Hugo.owl#HGNC_84	http://purl.obolibrary.org/obo/mesh_C583845	0.565
http://ncicb.nci.nih.gov/xml/owl/EVS/Hugo.owl#HGNC_201	http://purl.obolibrary.org/obo/mesh_C574512	0.61
http://ncicb.nci.nih.gov/xml/owl/EVS/Hugo.owl#HGNC_549	http://purl.obolibrary.org/obo/mesh_C052073	0.571
http://ncicb.nci.nih.gov/xml/owl/EVS/Hugo.owl#HGNC_279	http://purl.obolibrary.org/obo/mesh_C115283	0.567
http://ncicb.nci.nih.gov/xml/owl/EVS/Hugo.owl#HGNC_694	http://purl.obolibrary.org/obo/mesh_C568441	0.462
http://ncicb.nci.nih.gov/xml/owl/EVS/Hugo.owl#HGNC_173	http://purl.obolibrary.org/obo/mesh_C435935	0.608
http://ncicb.nci.nih.gov/xml/owl/EVS/Hugo.owl#HGNC_405	http://purl.obolibrary.org/obo/mesh_C531029	0.519
http://ncicb.nci.nih.gov/xml/owl/EVS/Hugo.owl#HGNC_219	http://purl.obolibrary.org/obo/mesh_C095268	0.425
http://ncicb.nci.nih.gov/xml/owl/EVS/Hugo.owl#HGNC_169	http://purl.obolibrary.org/obo/mesh_C538985	0.546
http://ncicb.nci.nih.gov/xml/owl/EVS/Hugo.owl#HGNC_924	http://purl.obolibrary.org/obo/mesh_C121334	0.485
http://ncicb.nci.nih.gov/xml/owl/EVS/Hugo.owl#HGNC_625	http://purl.obolibrary.org/obo/mesh_C016853	0.433
http://ncicb.nci.nih.gov/xml/owl/EVS/Hugo.owl#HGNC_958	http://purl.obolibrary.org/obo/mesh_C495224	0.493
http://ncicb.nci.nih.gov/xml/owl/EVS/Hugo.owl#HGNC_392	http://purl.obolibrary.org/obo/mesh_C013752	0.635
http://ncicb.nci.nih.gov/xml/owl/EVS/Hugo.owl#HGNC_570	http://purl.obolibrary.org/obo/mesh_C047912	0.585
http://ncicb.nci.nih.gov/xml/owl/EVS/Hugo.owl#HGNC_310	http://purl.obolibrary.org/obo/mesh_C509619	0.522
http://ncicb.nci.nih.gov/xml/owl/EVS/Hugo.owl#HGNC_408	http://purl.obolibrary.org/obo/mesh_C548309	0.557
http://ncicb.nci.nih.gov/xml/owl/EVS/Hugo.owl#HGNC_736	http://purl.obolibrary.org/obo/mesh_C068216	0.566
http://ncicb.nci.nih.gov/xml/owl/EVS/Hugo.owl#HGNC_701	http://purl.obolibrary.org/obo/mesh_C012571	0.557
http://ncicb.nci.nih.gov/xml/owl/EVS/Hugo.owl#HGNC_907	http://purl.obolibrary.org/obo/mesh_C562355	0.474
http://ncicb.nci.nih.gov/xml/owl/EVS/Hugo.owl#HGNC_735	http://purl.obolibrary.org/obo/mesh_C101857	0.597
http://ncicb.nci.nih.gov/xml/owl/EVS/Hugo.owl#HGNC_744	http://purl.obolibrary.org/obo/mesh_C451735	0.613
http://ncicb.nci.nih.gov/xml/owl/EVS/Hugo.owl#HGNC_44	http://purl.obolibrary.org/obo/mesh_C087201	0.594
http://ncicb.nci.nih.gov/xml/owl/EVS/Hugo.owl#HGNC_81	http://purl.obolibrary.org/obo/mesh_C056633	0.571
http://ncicb.nci.nih.gov/xml/owl/EVS/Hugo.owl#HGNC_540	http://purl.obolibrary.org/obo/mesh_C076195	0.539
http://ncicb.nci.nih.gov/xml/owl/EVS/Hugo.owl#HGNC_775	http://purl.obolibrary.org/obo/mesh_C021148	0.454
http://ncicb.nci.nih.gov/xml/owl/EVS/Hugo.owl#HGNC_61	http://purl.obolibrary.org/obo/mesh_C551027	0.559
http://ncicb.nci.nih.gov/xml/owl/EVS/Hugo.owl#HGNC_249	http://purl.obolibrary.org/obo/mesh_C510403	0.597
http://ncicb.nci.nih.gov/xml/owl/EVS/Hugo.owl#HGNC_224	http://purl.obolibrary.org/obo/mesh_C413046	0.557
http://ncicb.nci.nih.gov/xml/owl/EVS/Hugo.owl#HGNC_339	http://purl.obolibrary.org/obo/mesh_C476335	0.582
http://ncicb.nci.nih.gov/xml/owl/EVS/Hugo.owl#HGNC_82	http://purl.obolibrary.org/obo/mesh_C003904	0.591
http://ncicb.nci.nih.gov/xml/owl/EVS/Hugo.owl#HGNC_113	http://purl.obolibrary.org/obo/mesh_C050143	0.539
http://ncicb.nci.nih.gov/xml/owl/EVS/Hugo.owl#HGNC_214	http://purl.obolibrary.org/obo/mesh_C012113	0.468
http://ncicb.nci.nih.gov/xml/owl/EVS/Hugo.owl#HGNC_295	http://purl.obolibrary.org/obo/mesh_C092627	0.526
http://ncicb.nci.nih.gov/xml/owl/EVS/Hugo.owl#HGNC_74	http://purl.obolibrary.org/obo/mesh_C012634	0.451
http://ncicb.nci.nih.gov/xml/owl/EVS/Hugo.owl#HGNC_359	http://purl.obolibrary.org/obo/mesh_C449038	0.585
http://ncicb.nci.nih.gov/xml/owl/EVS/Hugo.owl#HGNC_845	http://purl.obolibrary.org/obo/mesh_C024318	0.481
http://ncicb.nci.nih.gov/xml/owl/EVS/Hugo.owl#HGNC_151	http://purl.obolibrary.org/obo/mesh_C033199	0.545
http://ncicb.nci.nih.gov/xml/owl/EVS/Hugo.owl#HGNC_65	http://purl.obolibrary.org/obo/mesh_C090291	0.583
http://ncicb.nci.nih.gov/xml/owl/EVS/Hugo.owl#HGNC_802	http://purl.obolibrary.org/obo/mesh_C556098	0.467
http://ncicb.nci.nih.gov/xml/owl/EVS/Hugo.owl#HGNC_460	http://purl.obolibrary.org/obo/mesh_C027320	0.534
http://ncicb.nci.nih.gov/xml/owl/EVS/Hugo.owl#HGNC_263	http://purl.obolibrary.org/obo/mesh_C016848	0.573
http://ncicb.nci.nih.gov/xml/owl/EVS/Hugo.owl#HGNC_340	http://purl.obolibrary.org/obo/mesh_C423604	0.47
http://ncicb.nci.nih.gov/xml/owl/EVS/Hugo.owl#HGNC_32	http://purl.obolibrary.org/obo/mesh_C048713	0.628
http://ncicb.nci.nih.gov/xml/owl/EVS/Hugo.owl#HGNC_244	http://purl.obolibrary.org/obo/mesh_C095583	0.634
http://ncicb.nci.nih.gov/xml/owl/EVS/Hugo.owl#HGNC_68	http://purl.obolibrary.org/obo/mesh_C111131	0.616
http://ncicb.nci.nih.gov/xml/owl/EVS/Hugo.owl#HGNC_580	http://purl.obolibrary.org/obo/mesh_C068073	0.452
http://ncicb.nci.nih.gov/xml/owl/EVS/Hugo.owl#HGNC_606	http://purl.obolibrary.org/obo/mesh_C112300	0.621
http://ncicb.nci.nih.gov/xml/owl/EVS/Hugo.owl#HGNC_406	http://purl.obolibrary.org/obo/mesh_C554446	0.623
http://ncicb.nci.nih.gov/xml/owl/EVS/Hugo.owl#HGNC_333	http://purl.obolibrary.org/obo/mesh_C448383	0.561
http://ncicb.nci.nih.gov/xml/owl/EVS/Hugo.owl#HGNC_684	http://purl.obolibrary.org/obo/mesh_C444449	0.587
http://ncicb.nci.nih.gov/xml/owl/EVS/Hugo.owl#HGNC_955	http://purl.obolibrary.org/obo/mesh_C508345	0.558
http://ncicb.nci.nih.gov/xml/owl/EVS/Hugo.owl#HGNC_146	http://purl.obolibrary.org/obo/mesh_C070494	0.583
http://ncicb.nci.nih.gov/xml/owl/EVS/Hugo.owl#HGNC_490	http://purl.obolibrary.org/obo/mesh_C466502	0.58
http://ncicb.nci.nih.gov/xml/owl/EVS/Hugo.owl#HGNC_250	http://purl.obolibrary.org/obo/mesh_C110385	0.627
http://ncicb.nci.nih.gov/xml/owl/EVS/Hugo.owl#HGNC_79	http://purl.obolibrary.org/obo/mesh_C517978	0.593
http://ncicb.nci.nih.gov/xml/owl/EVS/Hugo.owl#HGNC_664	http://purl.obolibrary.org/obo/mesh_C053338	0.568
http://ncicb.nci.nih.gov/xml/owl/EVS/Hugo.owl#HGNC_161	http://purl.obolibrary.org/obo/mesh_C011146	0.425
http://ncicb.nci.nih.gov/xml/owl/EVS/Hugo.owl#HGNC_346	http://purl.obolibrary.org/obo/mesh_C117458	0.553
http://ncicb.nci.nih.gov/xml/owl/EVS/Hugo.owl#HGNC_337	http://purl.obolibrary.org/obo/mesh_C000609912	0.511
http://ncicb.nci.nih.gov/xml/owl/EVS/Hugo.owl#HGNC_384	http://purl.obolibrary.org/obo/mesh_C065959	0.52
http://ncicb.nci.nih.gov/xml/owl/EVS/Hugo.owl#HGNC_213	http://purl.obolibrary.org/obo/mesh_C528113	0.602
http://ncicb.nci.nih.gov/xml/owl/EVS/Hugo.owl#HGNC_383	http://purl.obolibrary.org/obo/mesh_C062453	0.425
http://ncicb.nci.nih.gov/xml/owl/EVS/Hugo.owl#HGNC_413	http://purl.obolibrary.org/obo/mesh_C106111	0.453
http://ncicb.nci.nih.gov/xml/owl/EVS/Hugo.owl#HGNC_635	http://purl.obolibrary.org/obo/mesh_C439045	0.421
http://ncicb.nci.nih.gov/xml/owl/EVS/Hugo.owl#HGNC_170	http://purl.obolibrary.org/obo/mesh_C065538	0.552
http://ncicb.nci.nih.gov/xml/owl/EVS/Hugo.owl#HGNC_158	http://purl.obolibrary.org/obo/mesh_C103900	0.622
http://ncicb.nci.nih.gov/xml/owl/EVS/Hugo.owl#HGNC_28	http://purl.obolibrary.org/obo/mesh_C070079	0.618
http://ncicb.nci.nih.gov/xml/owl/EVS/Hugo.owl#HGNC_878	http://purl.obolibrary.org/obo/mesh_C494439	0.524
http://ncicb.nci.nih.gov/xml/owl/EVS/Hugo.owl#HGNC_703	http://purl.obolibrary.org/obo/mesh_C478598	0.561
http://ncicb.nci.nih.gov/xml/owl/EVS/Hugo.owl#HGNC_155	http://purl.obolibrary.org/obo/mesh_C102443	0.595
http://ncicb.nci.nih.gov/xml/owl/EVS/Hugo.owl#HGNC_119	http://purl.obolibrary.org/obo/mesh_C558394	0.547
http://ncicb.nci.nih.gov/xml/owl/EVS/Hugo.owl#HGNC_69	http://purl.obolibrary.org/obo/mesh_C068425	0.461
http://ncicb.nci.nih.gov/xml/owl/EVS/Hugo.owl#HGNC_208	http://purl.obolibrary.org/obo/mesh_C000607903	0.531
http://ncicb.nci.nih.gov/xml/owl/EVS/Hugo.owl#HGNC_345	http://purl.obolibrary.org/obo/mesh_C108126	0.505
http://ncicb.nci.nih.gov/xml/owl/EVS/Hugo.owl#HGNC_804	http://purl.obolibrary.org/obo/mesh_C082247	0.494
http://ncicb.nci.nih.gov/xml/owl/EVS/Hugo.owl#HGNC_881	http://purl.obolibrary.org/obo/mesh_C084448	0.564
http://ncicb.nci.nih.gov/xml/owl/EVS/Hugo.owl#HGNC_582	http://purl.obolibrary.org/obo/mesh_C073385	0.423
http://ncicb.nci.nih.gov/xml/owl/EVS/Hugo.owl#HGNC_805	http://purl.obolibrary.org/obo/mesh_C082248	0.529
http://ncicb.nci.nih.gov/xml/owl/EVS/Hugo.owl#HGNC_271	http://purl.obolibrary.org/obo/mesh_C402166	0.508
http://ncicb.nci.nih.gov/xml/owl/EVS/Hugo.owl#HGNC_267	http://purl.obolibrary.org/obo/mesh_C057241	0.444
http://ncicb.nci.nih.gov/xml/owl/EVS/Hugo.owl#HGNC_535	http://purl.obolibrary.org/obo/mesh_C101005	0.584
http://ncicb.nci.nih.gov/xml/owl/EVS/Hugo.owl#HGNC_98	http://purl.obolibrary.org/obo/mesh_C441071	0.49
http://ncicb.nci.nih.gov/xml/owl/EVS/Hugo.owl#HGNC_193	http://purl.obolibrary.org/obo/mesh_C062919	0.504
http://ncicb.nci.nih.gov/xml/owl/EVS/Hugo.owl#HGNC_950	http://purl.obolibrary.org/obo/mesh_C109981	0.459
http://ncicb.nci.nih.gov/xml/owl/EVS/Hugo.owl#HGNC_509	http://purl.obolibrary.org/obo/mesh_C427228	0.494
http://ncicb.nci.nih.gov/xml/owl/EVS/Hugo.owl#HGNC_503	http://purl.obolibrary.org/obo/mesh_C075552	0.453
http://ncicb.nci.nih.gov/xml/owl/EVS/Hugo.owl#HGNC_141	http://purl.obolibrary.org/obo/mesh_C570353	0.57
http://ncicb.nci.nih.gov/xml/owl/EVS/Hugo.owl#HGNC_125	http://purl.obolibrary.org/obo/mesh_C082770	0.578
http://ncicb.nci.nih.gov/xml/owl/EVS/Hugo.owl#HGNC_56	http://purl.obolibrary.org/obo/mesh_C002486	0.496
http://ncicb.nci.nih.gov/xml/owl/EVS/Hugo.owl#HGNC_956	http://purl.obolibrary.org/obo/mesh_C092620	0.431
http://ncicb.nci.nih.gov/xml/owl/EVS/Hugo.owl#HGNC_313	http://purl.obolibrary.org/obo/mesh_C109140	0.539
http://ncicb.nci.nih.gov/xml/owl/EVS/Hugo.owl#HGNC_754	http://purl.obolibrary.org/obo/mesh_C514879	0.457
http://ncicb.nci.nih.gov/xml/owl/EVS/Hugo.owl#HGNC_165	http://purl.obolibrary.org/obo/mesh_C119970	0.562
http://ncicb.nci.nih.gov/xml/owl/EVS/Hugo.owl#HGNC_305	http://purl.obolibrary.org/obo/mesh_C568849	0.535
http://ncicb.nci.nih.gov/xml/owl/EVS/Hugo.owl#HGNC_131	http://purl.obolibrary.org/obo/mesh_C541917	0.534
http://ncicb.nci.nih.gov/xml/owl/EVS/Hugo.owl#HGNC_734	http://purl.obolibrary.org/obo/mesh_C078773	0.459
http://ncicb.nci.nih.gov/xml/owl/EVS/Hugo.owl#HGNC_693	http://purl.obolibrary.org/obo/mesh_C043484	0.461
http://ncicb.nci.nih.gov/xml/owl/EVS/Hugo.owl#HGNC_248	http://purl.obolibrary.org/obo/mesh_C115106	0.522
http://ncicb.nci.nih.gov/xml/owl/EVS/Hugo.owl#HGNC_504	http://purl.obolibrary.org/obo/mesh_C085253	0.496
http://ncicb.nci.nih.gov/xml/owl/EVS/Hugo.owl#HGNC_374	http://purl.obolibrary.org/obo/mesh_C102545	0.469
http://ncicb.nci.nih.gov/xml/owl/EVS/Hugo.owl#HGNC_311	http://purl.obolibrary.org/obo/mesh_C510956	0.526
http://ncicb.nci.nih.gov/xml/owl/EVS/Hugo.owl#HGNC_649	http://purl.obolibrary.org/obo/mesh_C049519	0.525
http://ncicb.nci.nih.gov/xml/owl/EVS/Hugo.owl#HGNC_560	http://purl.obolibrary.org/obo/mesh_C510791	0.564
http://ncicb.nci.nih.gov/xml/owl/EVS/Hugo.owl#HGNC_375	http://purl.obolibrary.org/obo/mesh_C041231	0.457
http://ncicb.nci.nih.gov/xml/owl/EVS/Hugo.owl#HGNC_838	http://purl.obolibrary.org/obo/mesh_C048961	0.446
http://ncicb.nci.nih.gov/xml/owl/EVS/Hugo.owl#HGNC_349	http://purl.obolibrary.org/obo/mesh_C078567	0.479
http://ncicb.nci.nih.gov/xml/owl/EVS/Hugo.owl#HGNC_717	http://purl.obolibrary.org/obo/mesh_C024806	0.592
http://ncicb.nci.nih.gov/xml/owl/EVS/Hugo.owl#HGNC_166	http://purl.obolibrary.org/obo/mesh_C410026	0.468
http://ncicb.nci.nih.gov/xml/owl/EVS/Hugo.owl#HGNC_870	http://purl.obolibrary.org/obo/mesh_C052143	0.481
http://ncicb.nci.nih.gov/xml/owl/EVS/Hugo.owl#HGNC_595	http://purl.obolibrary.org/obo/mesh_C000607290	0.57
http://ncicb.nci.nih.gov/xml/owl/EVS/Hugo.owl#HGNC_356	http://purl.obolibrary.org/obo/mesh_C470889	0.511
http://ncicb.nci.nih.gov/xml/owl/EVS/Hugo.owl#HGNC_183	http://purl.obolibrary.org/obo/mesh_C561763	0.512
http://ncicb.nci.nih.gov/xml/owl/EVS/Hugo.owl#HGNC_350	http://purl.obolibrary.org/obo/mesh_C400304	0.547
http://ncicb.nci.nih.gov/xml/owl/EVS/Hugo.owl#HGNC_91	http://purl.obolibrary.org/obo/mesh_C540813	0.558
http://ncicb.nci.nih.gov/xml/owl/EVS/Hugo.owl#HGNC_231	http://purl.obolibrary.org/obo/mesh_C092988	0.527
http://ncicb.nci.nih.gov/xml/owl/EVS/Hugo.owl#HGNC_740	http://purl.obolibrary.org/obo/mesh_C052428	0.539
http://ncicb.nci.nih.gov/xml/owl/EVS/Hugo.owl#HGNC_711	http://purl.obolibrary.org/obo/mesh_C078793	0.484
http://ncicb.nci.nih.gov/xml/owl/EVS/Hugo.owl#HGNC_238	http://purl.obolibrary.org/obo/mesh_C105143	0.503
http://ncicb.nci.nih.gov/xml/owl/EVS/Hugo.owl#HGNC_897	http://purl.obolibrary.org/obo/mesh_C120565	0.465
http://ncicb.nci.nih.gov/xml/owl/EVS/Hugo.owl#HGNC_388	http://purl.obolibrary.org/obo/mesh_C549429	0.475
http://ncicb.nci.nih.gov/xml/owl/EVS/Hugo.owl#HGNC_278	http://purl.obolibrary.org/obo/mesh_C556440	0.553
http://ncicb.nci.nih.gov/xml/owl/EVS/Hugo.owl#HGNC_391	http://purl.obolibrary.org/obo/mesh_C558251	0.571
http://ncicb.nci.nih.gov/xml/owl/EVS/Hugo.owl#HGNC_723	http://purl.obolibrary.org/obo/mesh_C522118	0.58
http://ncicb.nci.nih.gov/xml/owl/EVS/Hugo.owl#HGNC_469	http://purl.obolibrary.org/obo/mesh_C092943	0.551
http://ncicb.nci.nih.gov/xml/owl/EVS/Hugo.owl#HGNC_475	http://purl.obolibrary.org/obo/mesh_C040401	0.499
http://ncicb.nci.nih.gov/xml/owl/EVS/Hugo.owl#HGNC_167	http://purl.obolibrary.org/obo/mesh_C480490	0.569
http://ncicb.nci.nih.gov/xml/owl/EVS/Hugo.owl#HGNC_990	http://purl.obolibrary.org/obo/mesh_C012656	0.491
http://ncicb.nci.nih.gov/xml/owl/EVS/Hugo.owl#HGNC_857	http://purl.obolibrary.org/obo/mesh_C077603	0.457
http://ncicb.nci.nih.gov/xml/owl/EVS/Hugo.owl#HGNC_77	http://purl.obolibrary.org/obo/mesh_C040046	0.582
http://ncicb.nci.nih.gov/xml/owl/EVS/Hugo.owl#HGNC_559	http://purl.obolibrary.org/obo/mesh_C107730	0.552
http://ncicb.nci.nih.gov/xml/owl/EVS/Hugo.owl#HGNC_561	http://purl.obolibrary.org/obo/mesh_C464487	0.603
http://ncicb.nci.nih.gov/xml/owl/EVS/Hugo.owl#HGNC_612	http://purl.obolibrary.org/obo/mesh_C054546	0.571
http://ncicb.nci.nih.gov/xml/owl/EVS/Hugo.owl#HGNC_411	http://purl.obolibrary.org/obo/mesh_C044917	0.53
http://ncicb.nci.nih.gov/xml/owl/EVS/Hugo.owl#HGNC_228	http://purl.obolibrary.org/obo/mesh_C070560	0.485
http://ncicb.nci.nih.gov/xml/owl/EVS/Hugo.owl#HGNC_781	http://purl.obolibrary.org/obo/mesh_C524424	0.458
http://ncicb.nci.nih.gov/xml/owl/EVS/Hugo.owl#HGNC_60	http://purl.obolibrary.org/obo/mesh_C077812	0.609
http://ncicb.nci.nih.gov/xml/owl/EVS/Hugo.owl#HGNC_564	http://purl.obolibrary.org/obo/mesh_C092916	0.535
http://ncicb.nci.nih.gov/xml/owl/EVS/Hugo.owl#HGNC_586	http://purl.obolibrary.org/obo/mesh_C103781	0.482
http://ncicb.nci.nih.gov/xml/owl/EVS/Hugo.owl#HGNC_461	http://purl.obolibrary.org/obo/mesh_C071014	0.482
http://ncicb.nci.nih.gov/xml/owl/EVS/Hugo.owl#HGNC_236	http://purl.obolibrary.org/obo/mesh_C488559	0.569
http://ncicb.nci.nih.gov/xml/owl/EVS/Hugo.owl#HGNC_283	http://purl.obolibrary.org/obo/mesh_C413045	0.495
http://ncicb.nci.nih.gov/xml/owl/EVS/Hugo.owl#HGNC_563	http://purl.obolibrary.org/obo/mesh_C515529	0.545
http://ncicb.nci.nih.gov/xml/owl/EVS/Hugo.owl#HGNC_256	http://purl.obolibrary.org/obo/mesh_C114724	0.646
http://ncicb.nci.nih.gov/xml/owl/EVS/Hugo.owl#HGNC_412	http://purl.obolibrary.org/obo/mesh_C525087	0.546
http://ncicb.nci.nih.gov/xml/owl/EVS/Hugo.owl#HGNC_135	http://purl.obolibrary.org/obo/mesh_C117899	0.537
http://ncicb.nci.nih.gov/xml/owl/EVS/Hugo.owl#HGNC_488	http://purl.obolibrary.org/obo/mesh_C422193	0.507
http://ncicb.nci.nih.gov/xml/owl/EVS/Hugo.owl#HGNC_421	http://purl.obolibrary.org/obo/mesh_C070534	0.455
http://ncicb.nci.nih.gov/xml/owl/EVS/Hugo.owl#HGNC_153	http://purl.obolibrary.org/obo/mesh_C488877	0.548
http://ncicb.nci.nih.gov/xml/owl/EVS/Hugo.owl#HGNC_373	http://purl.obolibrary.org/obo/mesh_C402603	0.438
http://ncicb.nci.nih.gov/xml/owl/EVS/Hugo.owl#HGNC_690	http://purl.obolibrary.org/obo/mesh_C014268	0.469
http://ncicb.nci.nih.gov/xml/owl/EVS/Hugo.owl#HGNC_440	http://purl.obolibrary.org/obo/mesh_C406084	0.458
http://ncicb.nci.nih.gov/xml/owl/EVS/Hugo.owl#HGNC_619	http://purl.obolibrary.org/obo/mesh_C505440	0.515
http://ncicb.nci.nih.gov/xml/owl/EVS/Hugo.owl#HGNC_841	http://purl.obolibrary.org/obo/mesh_C106869	0.436
http://ncicb.nci.nih.gov/xml/owl/EVS/Hugo.owl#HGNC_682	http://purl.obolibrary.org/obo/mesh_C094097	0.522
http://ncicb.nci.nih.gov/xml/owl/EVS/Hugo.owl#HGNC_70	http://purl.obolibrary.org/obo/mesh_C063747	0.574
http://ncicb.nci.nih.gov/xml/owl/EVS/Hugo.owl#HGNC_302	http://purl.obolibrary.org/obo/mesh_C523128	0.509
http://ncicb.nci.nih.gov/xml/owl/EVS/Hugo.owl#HGNC_702	http://purl.obolibrary.org/obo/mesh_C550937	0.518
http://ncicb.nci.nih.gov/xml/owl/EVS/Hugo.owl#HGNC_985	http://purl.obolibrary.org/obo/mesh_C078212	0.443
http://ncicb.nci.nih.gov/xml/owl/EVS/Hugo.owl#HGNC_245	http://purl.obolibrary.org/obo/mesh_C074467	0.578
http://ncicb.nci.nih.gov/xml/owl/EVS/Hugo.owl#HGNC_571	http://purl.obolibrary.org/obo/mesh_C402162	0.429
http://ncicb.nci.nih.gov/xml/owl/EVS/Hugo.owl#HGNC_710	http://purl.obolibrary.org/obo/mesh_C098268	0.46
http://ncicb.nci.nih.gov/xml/owl/EVS/Hugo.owl#HGNC_485	http://purl.obolibrary.org/obo/mesh_C412308	0.599
http://ncicb.nci.nih.gov/xml/owl/EVS/Hugo.owl#HGNC_973	http://purl.obolibrary.org/obo/mesh_C045447	0.462
http://ncicb.nci.nih.gov/xml/owl/EVS/Hugo.owl#HGNC_253	http://purl.obolibrary.org/obo/mesh_C412305	0.491
http://ncicb.nci.nih.gov/xml/owl/EVS/Hugo.owl#HGNC_432	http://purl.obolibrary.org/obo/mesh_C553484	0.47
http://ncicb.nci.nih.gov/xml/owl/EVS/Hugo.owl#HGNC_725	http://purl.obolibrary.org/obo/mesh_C006130	0.494
http://ncicb.nci.nih.gov/xml/owl/EVS/Hugo.owl#HGNC_771	http://purl.obolibrary.org/obo/mesh_C490933	0.539
http://ncicb.nci.nih.gov/xml/owl/EVS/Hugo.owl#HGNC_435	http://purl.obolibrary.org/obo/mesh_C093667	0.564
http://ncicb.nci.nih.gov/xml/owl/EVS/Hugo.owl#HGNC_368	http://purl.obolibrary.org/obo/mesh_C462532	0.592
http://ncicb.nci.nih.gov/xml/owl/EVS/Hugo.owl#HGNC_95	http://purl.obolibrary.org/obo/mesh_C070059	0.473
http://ncicb.nci.nih.gov/xml/owl/EVS/Hugo.owl#HGNC_179	http://purl.obolibrary.org/obo/mesh_C568947	0.57
http://ncicb.nci.nih.gov/xml/owl/EVS/Hugo.owl#HGNC_642	http://purl.obolibrary.org/obo/mesh_C010650	0.491
http://ncicb.nci.nih.gov/xml/owl/EVS/Hugo.owl#HGNC_777	http://purl.obolibrary.org/obo/mesh_C061008	0.572
http://ncicb.nci.nih.gov/xml/owl/EVS/Hugo.owl#HGNC_981	http://purl.obolibrary.org/obo/mesh_C067230	0.51
http://ncicb.nci.nih.gov/xml/owl/EVS/Hugo.owl#HGNC_325	http://purl.obolibrary.org/obo/mesh_C102544	0.468
http://ncicb.nci.nih.gov/xml/owl/EVS/Hugo.owl#HGNC_762	http://purl.obolibrary.org/obo/mesh_C507405	0.574
http://ncicb.nci.nih.gov/xml/owl/EVS/Hugo.owl#HGNC_592	http://purl.obolibrary.org/obo/mesh_C557885	0.53
http://ncicb.nci.nih.gov/xml/owl/EVS/Hugo.owl#HGNC_320	http://purl.obolibrary.org/obo/mesh_C075380	0.5
http://ncicb.nci.nih.gov/xml/owl/EVS/Hugo.owl#HGNC_275	http://purl.obolibrary.org/obo/mesh_C014322	0.56
http://ncicb.nci.nih.gov/xml/owl/EVS/Hugo.owl#HGNC_733	http://purl.obolibrary.org/obo/mesh_C512273	0.548
http://ncicb.nci.nih.gov/xml/owl/EVS/Hugo.owl#HGNC_715	http://purl.obolibrary.org/obo/mesh_C406476	0.491
http://ncicb.nci.nih.gov/xml/owl/EVS/Hugo.owl#HGNC_747	http://purl.obolibrary.org/obo/mesh_C014270	0.54
http://ncicb.nci.nih.gov/xml/owl/EVS/Hugo.owl#HGNC_811	http://purl.obolibrary.org/obo/mesh_C422182	0.623
http://ncicb.nci.nih.gov/xml/owl/EVS/Hugo.owl#HGNC_252	http://purl.obolibrary.org/obo/mesh_C067290	0.451
http://ncicb.nci.nih.gov/xml/owl/EVS/Hugo.owl#HGNC_67	http://purl.obolibrary.org/obo/mesh_C048185	0.587
http://ncicb.nci.nih.gov/xml/owl/EVS/Hugo.owl#HGNC_481	http://purl.obolibrary.org/obo/mesh_C413459	0.442
http://ncicb.nci.nih.gov/xml/owl/EVS/Hugo.owl#HGNC_523	http://purl.obolibrary.org/obo/mesh_C039677	0.505
http://ncicb.nci.nih.gov/xml/owl/EVS/Hugo.owl#HGNC_270	http://purl.obolibrary.org/obo/mesh_C000606782	0.565
http://ncicb.nci.nih.gov/xml/owl/EVS/Hugo.owl#HGNC_565	http://purl.obolibrary.org/obo/mesh_C404948	0.588
http://ncicb.nci.nih.gov/xml/owl/EVS/Hugo.owl#HGNC_108	http://purl.obolibrary.org/obo/mesh_C078434	0.552
http://ncicb.nci.nih.gov/xml/owl/EVS/Hugo.owl#HGNC_215	http://purl.obolibrary.org/obo/mesh_C076682	0.6
http://ncicb.nci.nih.gov/xml/owl/EVS/Hugo.owl#HGNC_71	http://purl.obolibrary.org/obo/mesh_C104979	0.562
http://ncicb.nci.nih.gov/xml/owl/EVS/Hugo.owl#HGNC_62	http://purl.obolibrary.org/obo/mesh_C099141	0.616
http://ncicb.nci.nih.gov/xml/owl/EVS/Hugo.owl#HGNC_862	http://purl.obolibrary.org/obo/mesh_C074578	0.53
http://ncicb.nci.nih.gov/xml/owl/EVS/Hugo.owl#HGNC_953	http://purl.obolibrary.org/obo/mesh_C453961	0.467
http://ncicb.nci.nih.gov/xml/owl/EVS/Hugo.owl#HGNC_813	http://purl.obolibrary.org/obo/mesh_C524070	0.522
http://ncicb.nci.nih.gov/xml/owl/EVS/Hugo.owl#HGNC_463	http://purl.obolibrary.org/obo/mesh_C104326	0.503
http://ncicb.nci.nih.gov/xml/owl/EVS/Hugo.owl#HGNC_163	http://purl.obolibrary.org/obo/mesh_C001181	0.467
http://ncicb.nci.nih.gov/xml/owl/EVS/Hugo.owl#HGNC_407	http://purl.obolibrary.org/obo/mesh_C118733	0.616
http://ncicb.nci.nih.gov/xml/owl/EVS/Hugo.owl#HGNC_175	http://purl.obolibrary.org/obo/mesh_C077872	0.532
http://ncicb.nci.nih.gov/xml/owl/EVS/Hugo.owl#HGNC_334	http://purl.obolibrary.org/obo/mesh_C102985	0.432
http://ncicb.nci.nih.gov/xml/owl/EVS/Hugo.owl#HGNC_168	http://purl.obolibrary.org/obo/mesh_C114602	0.574
http://ncicb.nci.nih.gov/xml/owl/EVS/Hugo.owl#HGNC_452	http://purl.obolibrary.org/obo/mesh_C110384	0.599
http://ncicb.nci.nih.gov/xml/owl/EVS/Hugo.owl#HGNC_83	http://purl.obolibrary.org/obo/mesh_C059375	0.43
http://ncicb.nci.nih.gov/xml/owl/EVS/Hugo.owl#HGNC_482	http://purl.obolibrary.org/obo/mesh_C115521	0.502
http://ncicb.nci.nih.gov/xml/owl/EVS/Hugo.owl#HGNC_317	http://purl.obolibrary.org/obo/mesh_C549611	0.542
http://ncicb.nci.nih.gov/xml/owl/EVS/Hugo.owl#HGNC_423	http://purl.obolibrary.org/obo/mesh_C471833	0.563
http://ncicb.nci.nih.gov/xml/owl/EVS/Hugo.owl#HGNC_303	http://purl.obolibrary.org/obo/mesh_C403082	0.472
http://ncicb.nci.nih.gov/xml/owl/EVS/Hugo.owl#HGNC_336	http://purl.obolibrary.org/obo/mesh_C509297	0.462
http://ncicb.nci.nih.gov/xml/owl/EVS/Hugo.owl#HGNC_680	http://purl.obolibrary.org/obo/mesh_C101187	0.441
http://ncicb.nci.nih.gov/xml/owl/EVS/Hugo.owl#HGNC_551	http://purl.obolibrary.org/obo/mesh_C096523	0.47
http://ncicb.nci.nih.gov/xml/owl/EVS/Hugo.owl#HGNC_820	http://purl.obolibrary.org/obo/mesh_C078981	0.563
http://ncicb.nci.nih.gov/xml/owl/EVS/Hugo.owl#HGNC_866	http://purl.obolibrary.org/obo/mesh_C466636	0.473
http://ncicb.nci.nih.gov/xml/owl/EVS/Hugo.owl#HGNC_195	http://purl.obolibrary.org/obo/mesh_C545870	0.585
http://ncicb.nci.nih.gov/xml/owl/EVS/Hugo.owl#HGNC_307	http://purl.obolibrary.org/obo/mesh_C000075	0.558
http://ncicb.nci.nih.gov/xml/owl/EVS/Hugo.owl#HGNC_598	http://purl.obolibrary.org/obo/mesh_C066059	0.495
http://ncicb.nci.nih.gov/xml/owl/EVS/Hugo.owl#HGNC_738	http://purl.obolibrary.org/obo/mesh_C106034	0.468
http://ncicb.nci.nih.gov/xml/owl/EVS/Hugo.owl#HGNC_877	http://purl.obolibrary.org/obo/mesh_C049347	0.448
http://ncicb.nci.nih.gov/xml/owl/EVS/Hugo.owl#HGNC_206	http://purl.obolibrary.org/obo/mesh_C093083	0.582
http://ncicb.nci.nih.gov/xml/owl/EVS/Hugo.owl#HGNC_280	http://purl.obolibrary.org/obo/mesh_C115007	0.578
http://ncicb.nci.nih.gov/xml/owl/EVS/Hugo.owl#HGNC_369	http://purl.obolibrary.org/obo/mesh_C545957	0.527
http://ncicb.nci.nih.gov/xml/owl/EVS/Hugo.owl#HGNC_255	http://purl.obolibrary.org/obo/mesh_C429775	0.547
http://ncicb.nci.nih.gov/xml/owl/EVS/Hugo.owl#HGNC_978	http://purl.obolibrary.org/obo/mesh_C047021	0.579
http://ncicb.nci.nih.gov/xml/owl/EVS/Hugo.owl#HGNC_683	http://purl.obolibrary.org/obo/mesh_C076032	0.53
http://ncicb.nci.nih.gov/xml/owl/EVS/Hugo.owl#HGNC_536	http://purl.obolibrary.org/obo/mesh_C105667	0.558
http://ncicb.nci.nih.gov/xml/owl/EVS/Hugo.owl#HGNC_58	http://purl.obolibrary.org/obo/mesh_C470470	0.486
http://ncicb.nci.nih.gov/xml/owl/EVS/Hugo.owl#HGNC_761	http://purl.obolibrary.org/obo/mesh_C021276	0.454
http://ncicb.nci.nih.gov/xml/owl/EVS/Hugo.owl#HGNC_751	http://purl.obolibrary.org/obo/mesh_C089867	0.613
http://ncicb.nci.nih.gov/xml/owl/EVS/Hugo.owl#HGNC_984	http://purl.obolibrary.org/obo/mesh_C493781	0.465
http://ncicb.nci.nih.gov/xml/owl/EVS/Hugo.owl#HGNC_752	http://purl.obolibrary.org/obo/mesh_C416077	0.552
http://ncicb.nci.nih.gov/xml/owl/EVS/Hugo.owl#HGNC_444	http://purl.obolibrary.org/obo/mesh_C411949	0.508
http://ncicb.nci.nih.gov/xml/owl/EVS/Hugo.owl#HGNC_287	http://purl.obolibrary.org/obo/mesh_C096855	0.541
http://ncicb.nci.nih.gov/xml/owl/EVS/Hugo.owl#HGNC_630	http://purl.obolibrary.org/obo/mesh_C422175	0.544
http://ncicb.nci.nih.gov/xml/owl/EVS/Hugo.owl#HGNC_38	http://purl.obolibrary.org/obo/mesh_C052049	0.583
http://ncicb.nci.nih.gov/xml/owl/EVS/Hugo.owl#HGNC_430	http://purl.obolibrary.org/obo/mesh_C093088	0.448
http://ncicb.nci.nih.gov/xml/owl/EVS/Hugo.owl#HGNC_351	http://purl.obolibrary.org/obo/mesh_C078101	0.514
http://ncicb.nci.nih.gov/xml/owl/EVS/Hugo.owl#HGNC_596	http://purl.obolibrary.org/obo/mesh_C083675	0.523
http://ncicb.nci.nih.gov/xml/owl/EVS/Hugo.owl#HGNC_353	http://purl.obolibrary.org/obo/mesh_C507880	0.504
http://ncicb.nci.nih.gov/xml/owl/EVS/Hugo.owl#HGNC_681	http://purl.obolibrary.org/obo/mesh_C444448	0.622
http://ncicb.nci.nih.gov/xml/owl/EVS/Hugo.owl#HGNC_904	http://purl.obolibrary.org/obo/mesh_C503288	0.565
http://ncicb.nci.nih.gov/xml/owl/EVS/Hugo.owl#HGNC_678	http://purl.obolibrary.org/obo/mesh_C527487	0.514
http://ncicb.nci.nih.gov/xml/owl/EVS/Hugo.owl#HGNC_969	http://purl.obolibrary.org/obo/mesh_C065078	0.451
http://ncicb.nci.nih.gov/xml/owl/EVS/Hugo.owl#HGNC_688	http://purl.obolibrary.org/obo/mesh_C087493	0.568
http://ncicb.nci.nih.gov/xml/owl/EVS/Hugo.owl#HGNC_920	http://purl.obolibrary.org/obo/mesh_C040313	0.52
http://ncicb.nci.nih.gov/xml/owl/EVS/Hugo.owl#HGNC_944	http://purl.obolibrary.org/obo/mesh_C526922	0.551
http://ncicb.nci.nih.gov/xml/owl/EVS/Hugo.owl#HGNC_187	http://purl.obolibrary.org/obo/mesh_C105227	0.551
http://ncicb.nci.nih.gov/xml/owl/EVS/Hugo.owl#HGNC_831	http://purl.obolibrary.org/obo/mesh_C020502	0.483
http://ncicb.nci.nih.gov/xml/owl/EVS/Hugo.owl#HGNC_749	http://purl.obolibrary.org/obo/mesh_C030426	0.543
http://ncicb.nci.nih.gov/xml/owl/EVS/Hugo.owl#HGNC_966	http://purl.obolibrary.org/obo/mesh_C090061	0.467
http://ncicb.nci.nih.gov/xml/owl/EVS/Hugo.owl#HGNC_650	http://purl.obolibrary.org/obo/mesh_C058606	0.517
http://ncicb.nci.nih.gov/xml/owl/EVS/Hugo.owl#HGNC_659	http://purl.obolibrary.org/obo/mesh_C054141	0.58
http://ncicb.nci.nih.gov/xml/owl/EVS/Hugo.owl#HGNC_755	http://purl.obolibrary.org/obo/mesh_C406795	0.611
http://ncicb.nci.nih.gov/xml/owl/EVS/Hugo.owl#HGNC_832	http://purl.obolibrary.org/obo/mesh_C082828	0.456
http://ncicb.nci.nih.gov/xml/owl/EVS/Hugo.owl#HGNC_181	http://purl.obolibrary.org/obo/mesh_C114173	0.514
http://ncicb.nci.nih.gov/xml/owl/EVS/Hugo.owl#HGNC_164	http://purl.obolibrary.org/obo/mesh_C406022	0.616
http://ncicb.nci.nih.gov/xml/owl/EVS/Hugo.owl#HGNC_382	http://purl.obolibrary.org/obo/mesh_C066471	0.53
http://ncicb.nci.nih.gov/xml/owl/EVS/Hugo.owl#HGNC_347	http://purl.obolibrary.org/obo/mesh_C047682	0.488
http://ncicb.nci.nih.gov/xml/owl/EVS/Hugo.owl#HGNC_851	http://purl.obolibrary.org/obo/mesh_C116354	0.563
http://ncicb.nci.nih.gov/xml/owl/EVS/Hugo.owl#HGNC_514	http://purl.obolibrary.org/obo/mesh_C102862	0.48
http://ncicb.nci.nih.gov/xml/owl/EVS/Hugo.owl#HGNC_160	http://purl.obolibrary.org/obo/mesh_C003804	0.502
http://ncicb.nci.nih.gov/xml/owl/EVS/Hugo.owl#HGNC_243	http://purl.obolibrary.org/obo/mesh_C092207	0.419
http://ncicb.nci.nih.gov/xml/owl/EVS/Hugo.owl#HGNC_637	http://purl.obolibrary.org/obo/mesh_C403052	0.57
http://ncicb.nci.nih.gov/xml/owl/EVS/Hugo.owl#HGNC_597	http://purl.obolibrary.org/obo/mesh_C504197	0.52
http://ncicb.nci.nih.gov/xml/owl/EVS/Hugo.owl#HGNC_742	http://purl.obolibrary.org/obo/mesh_C531185	0.573
http://ncicb.nci.nih.gov/xml/owl/EVS/Hugo.owl#HGNC_672	http://purl.obolibrary.org/obo/mesh_C548449	0.489
http://ncicb.nci.nih.gov/xml/owl/EVS/Hugo.owl#HGNC_764	http://purl.obolibrary.org/obo/mesh_C074536	0.438
http://ncicb.nci.nih.gov/xml/owl/EVS/Hugo.owl#HGNC_721	http://purl.obolibrary.org/obo/mesh_C073026	0.495
http://ncicb.nci.nih.gov/xml/owl/EVS/Hugo.owl#HGNC_917	http://purl.obolibrary.org/obo/mesh_C054325	0.505
http://ncicb.nci.nih.gov/xml/owl/EVS/Hugo.owl#HGNC_292	http://purl.obolibrary.org/obo/mesh_C413425	0.513
http://ncicb.nci.nih.gov/xml/owl/EVS/Hugo.owl#HGNC_415	http://purl.obolibrary.org/obo/mesh_C433772	0.538
http://ncicb.nci.nih.gov/xml/owl/EVS/Hugo.owl#HGNC_644	http://purl.obolibrary.org/obo/mesh_C057481	0.602
http://ncicb.nci.nih.gov/xml/owl/EVS/Hugo.owl#HGNC_531	http://purl.obolibrary.org/obo/mesh_C103214	0.483
http://ncicb.nci.nih.gov/xml/owl/EVS/Hugo.owl#HGNC_641	http://purl.obolibrary.org/obo/mesh_C434804	0.476
http://ncicb.nci.nih.gov/xml/owl/EVS/Hugo.owl#HGNC_225	http://purl.obolibrary.org/obo/mesh_C076684	0.575
http://ncicb.nci.nih.gov/xml/owl/EVS/Hugo.owl#HGNC_971	http://purl.obolibrary.org/obo/mesh_C042183	0.423
http://ncicb.nci.nih.gov/xml/owl/EVS/Hugo.owl#HGNC_524	http://purl.obolibrary.org/obo/mesh_C530111	0.456
http://ncicb.nci.nih.gov/xml/owl/EVS/Hugo.owl#HGNC_828	http://purl.obolibrary.org/obo/mesh_C120993	0.427
http://ncicb.nci.nih.gov/xml/owl/EVS/Hugo.owl#HGNC_434	http://purl.obolibrary.org/obo/mesh_C560439	0.427
http://ncicb.nci.nih.gov/xml/owl/EVS/Hugo.owl#HGNC_63	http://purl.obolibrary.org/obo/mesh_C084850	0.54
http://ncicb.nci.nih.gov/xml/owl/EVS/Hugo.owl#HGNC_137	http://purl.obolibrary.org/obo/mesh_C581677	0.536
http://ncicb.nci.nih.gov/xml/owl/EVS/Hugo.owl#HGNC_791	http://purl.obolibrary.org/obo/mesh_C097728	0.541
http://ncicb.nci.nih.gov/xml/owl/EVS/Hugo.owl#HGNC_322	http://purl.obolibrary.org/obo/mesh_C568509	0.436
http://ncicb.nci.nih.gov/xml/owl/EVS/Hugo.owl#HGNC_508	http://purl.obolibrary.org/obo/mesh_C508549	0.467
http://ncicb.nci.nih.gov/xml/owl/EVS/Hugo.owl#HGNC_358	http://purl.obolibrary.org/obo/mesh_C000622674	0.579
http://ncicb.nci.nih.gov/xml/owl/EVS/Hugo.owl#HGNC_729	http://purl.obolibrary.org/obo/mesh_C100350	0.512
http://ncicb.nci.nih.gov/xml/owl/EVS/Hugo.owl#HGNC_704	http://purl.obolibrary.org/obo/mesh_C058571	0.435
http://ncicb.nci.nih.gov/xml/owl/EVS/Hugo.owl#HGNC_608	http://purl.obolibrary.org/obo/mesh_C107369	0.576
http://ncicb.nci.nih.gov/xml/owl/EVS/Hugo.owl#HGNC_144	http://purl.obolibrary.org/obo/mesh_C066003	0.472
http://ncicb.nci.nih.gov/xml/owl/EVS/Hugo.owl#HGNC_176	http://purl.obolibrary.org/obo/mesh_C050606	0.514
http://ncicb.nci.nih.gov/xml/owl/EVS/Hugo.owl#HGNC_196	http://purl.obolibrary.org/obo/mesh_C006063	0.517
http://ncicb.nci.nih.gov/xml/owl/EVS/Hugo.owl#HGNC_786	http://purl.obolibrary.org/obo/mesh_C464993	0.521
http://ncicb.nci.nih.gov/xml/owl/EVS/Hugo.owl#HGNC_970	http://purl.obolibrary.org/obo/mesh_C473473	0.567
http://ncicb.nci.nih.gov/xml/owl/EVS/Hugo.owl#HGNC_900	http://purl.obolibrary.org/obo/mesh_C568545	0.466
http://ncicb.nci.nih.gov/xml/owl/EVS/Hugo.owl#HGNC_890	http://purl.obolibrary.org/obo/mesh_C508344	0.555
http://ncicb.nci.nih.gov/xml/owl/EVS/Hugo.owl#HGNC_483	http://purl.obolibrary.org/obo/mesh_C035927	0.466
http://ncicb.nci.nih.gov/xml/owl/EVS/Hugo.owl#HGNC_88	http://purl.obolibrary.org/obo/mesh_C084335	0.54
http://ncicb.nci.nih.gov/xml/owl/EVS/Hugo.owl#other_group	http://purl.obolibrary.org/obo/mesh_D011639	0.447
http://ncicb.nci.nih.gov/xml/owl/EVS/Hugo.owl#HGNC_226	http://purl.obolibrary.org/obo/mesh_C120947	0.463
http://ncicb.nci.nih.gov/xml/owl/EVS/Hugo.owl#HGNC_668	http://purl.obolibrary.org/obo/mesh_C018422	0.451
http://ncicb.nci.nih.gov/xml/owl/EVS/Hugo.owl#HGNC_685	http://purl.obolibrary.org/obo/mesh_C400942	0.591
http://ncicb.nci.nih.gov/xml/owl/EVS/Hugo.owl#HGNC_223	http://purl.obolibrary.org/obo/mesh_C103115	0.552
http://ncicb.nci.nih.gov/xml/owl/EVS/Hugo.owl#HGNC_577	http://purl.obolibrary.org/obo/mesh_C013359	0.461
http://ncicb.nci.nih.gov/xml/owl/EVS/Hugo.owl#HGNC_757	http://purl.obolibrary.org/obo/mesh_C000722655	0.532
http://ncicb.nci.nih.gov/xml/owl/EVS/Hugo.owl#HGNC_872	http://purl.obolibrary.org/obo/mesh_C417046	0.511
http://ncicb.nci.nih.gov/xml/owl/EVS/Hugo.owl#HGNC_185	http://purl.obolibrary.org/obo/mesh_C096584	0.544
http://ncicb.nci.nih.gov/xml/owl/EVS/Hugo.owl#HGNC_975	http://purl.obolibrary.org/obo/mesh_C116088	0.577
http://ncicb.nci.nih.gov/xml/owl/EVS/Hugo.owl#HGNC_995	http://purl.obolibrary.org/obo/mesh_C534512	0.51
http://ncicb.nci.nih.gov/xml/owl/EVS/Hugo.owl#HGNC_445	http://purl.obolibrary.org/obo/mesh_C432989	0.527
http://ncicb.nci.nih.gov/xml/owl/EVS/Hugo.owl#HGNC_780	http://purl.obolibrary.org/obo/mesh_C062437	0.449
http://ncicb.nci.nih.gov/xml/owl/EVS/Hugo.owl#HGNC_450	http://purl.obolibrary.org/obo/mesh_C488982	0.568
http://ncicb.nci.nih.gov/xml/owl/EVS/Hugo.owl#HGNC_332	http://purl.obolibrary.org/obo/mesh_C079583	0.422
http://ncicb.nci.nih.gov/xml/owl/EVS/Hugo.owl#HGNC_696	http://purl.obolibrary.org/obo/mesh_C404928	0.549
http://ncicb.nci.nih.gov/xml/owl/EVS/Hugo.owl#HGNC_722	http://purl.obolibrary.org/obo/mesh_C058351	0.584
http://ncicb.nci.nih.gov/xml/owl/EVS/Hugo.owl#HGNC_96	http://purl.obolibrary.org/obo/mesh_C439295	0.657
http://ncicb.nci.nih.gov/xml/owl/EVS/Hugo.owl#HGNC_554	http://purl.obolibrary.org/obo/mesh_C042130	0.534
http://ncicb.nci.nih.gov/xml/owl/EVS/Hugo.owl#HGNC_968	http://purl.obolibrary.org/obo/mesh_C010143	0.455
http://ncicb.nci.nih.gov/xml/owl/EVS/Hugo.owl#HGNC_247	http://purl.obolibrary.org/obo/mesh_C121173	0.511
http://ncicb.nci.nih.gov/xml/owl/EVS/Hugo.owl#HGNC_850	http://purl.obolibrary.org/obo/mesh_C116353	0.565
http://ncicb.nci.nih.gov/xml/owl/EVS/Hugo.owl#HGNC_438	http://purl.obolibrary.org/obo/mesh_C548713	0.541
http://ncicb.nci.nih.gov/xml/owl/EVS/Hugo.owl#HGNC_724	http://purl.obolibrary.org/obo/mesh_C560933	0.539
http://ncicb.nci.nih.gov/xml/owl/EVS/Hugo.owl#HGNC_756	http://purl.obolibrary.org/obo/mesh_C076525	0.475
http://ncicb.nci.nih.gov/xml/owl/EVS/Hugo.owl#HGNC_491	http://purl.obolibrary.org/obo/mesh_C107116	0.466
http://ncicb.nci.nih.gov/xml/owl/EVS/Hugo.owl#HGNC_360	http://purl.obolibrary.org/obo/mesh_C551534	0.554
http://ncicb.nci.nih.gov/xml/owl/EVS/Hugo.owl#HGNC_344	http://purl.obolibrary.org/obo/mesh_C112341	0.592
http://ncicb.nci.nih.gov/xml/owl/EVS/Hugo.owl#HGNC_880	http://purl.obolibrary.org/obo/mesh_C535140	0.541
http://ncicb.nci.nih.gov/xml/owl/EVS/Hugo.owl#HGNC_876	http://purl.obolibrary.org/obo/mesh_C559287	0.461
http://ncicb.nci.nih.gov/xml/owl/EVS/Hugo.owl#HGNC_821	http://purl.obolibrary.org/obo/mesh_C038895	0.455
http://ncicb.nci.nih.gov/xml/owl/EVS/Hugo.owl#HGNC_745	http://purl.obolibrary.org/obo/mesh_C403759	0.559
http://ncicb.nci.nih.gov/xml/owl/EVS/Hugo.owl#HGNC_172	http://purl.obolibrary.org/obo/mesh_C119999	0.479
http://ncicb.nci.nih.gov/xml/owl/EVS/Hugo.owl#HGNC_449	http://purl.obolibrary.org/obo/mesh_C077827	0.484
http://ncicb.nci.nih.gov/xml/owl/EVS/Hugo.owl#HGNC_281	http://purl.obolibrary.org/obo/mesh_C119392	0.475
http://ncicb.nci.nih.gov/xml/owl/EVS/Hugo.owl#HGNC_557	http://purl.obolibrary.org/obo/mesh_C000632508	0.524
http://ncicb.nci.nih.gov/xml/owl/EVS/Hugo.owl#HGNC_429	http://purl.obolibrary.org/obo/mesh_C466315	0.55
http://ncicb.nci.nih.gov/xml/owl/EVS/Hugo.owl#HGNC_819	http://purl.obolibrary.org/obo/mesh_C057428	0.566
http://ncicb.nci.nih.gov/xml/owl/EVS/Hugo.owl#HGNC_455	http://purl.obolibrary.org/obo/mesh_C400063	0.535
http://ncicb.nci.nih.gov/xml/owl/EVS/Hugo.owl#HGNC_689	http://purl.obolibrary.org/obo/mesh_C082840	0.422
http://ncicb.nci.nih.gov/xml/owl/EVS/Hugo.owl#HGNC_788	http://purl.obolibrary.org/obo/mesh_C489254	0.618
http://ncicb.nci.nih.gov/xml/owl/EVS/Hugo.owl#virus_integration_site	http://purl.obolibrary.org/obo/mesh_D016662	0.776
http://ncicb.nci.nih.gov/xml/owl/EVS/Hugo.owl#HGNC_269	http://purl.obolibrary.org/obo/mesh_C555051	0.519
http://ncicb.nci.nih.gov/xml/owl/EVS/Hugo.owl#HGNC_921	http://purl.obolibrary.org/obo/mesh_C506617	0.457
http://ncicb.nci.nih.gov/xml/owl/EVS/Hugo.owl#HGNC_512	http://purl.obolibrary.org/obo/mesh_C104943	0.475
http://ncicb.nci.nih.gov/xml/owl/EVS/Hugo.owl#HGNC_126	http://purl.obolibrary.org/obo/mesh_C470824	0.559
http://ncicb.nci.nih.gov/xml/owl/EVS/Hugo.owl#HGNC_134	http://purl.obolibrary.org/obo/mesh_C568615	0.553
http://ncicb.nci.nih.gov/xml/owl/EVS/Hugo.owl#phenotype_only	http://purl.obolibrary.org/obo/mesh_D010641	0.547
http://ncicb.nci.nih.gov/xml/owl/EVS/Hugo.owl#HGNC_443	http://purl.obolibrary.org/obo/mesh_C403248	0.506
http://ncicb.nci.nih.gov/xml/owl/EVS/Hugo.owl#HGNC_599	http://purl.obolibrary.org/obo/mesh_C110135	0.495
http://ncicb.nci.nih.gov/xml/owl/EVS/Hugo.owl#HGNC_425	http://purl.obolibrary.org/obo/mesh_C114035	0.511
http://ncicb.nci.nih.gov/xml/owl/EVS/Hugo.owl#HGNC_259	http://purl.obolibrary.org/obo/mesh_C104764	0.587
http://ncicb.nci.nih.gov/xml/owl/EVS/Hugo.owl#HGNC_254	http://purl.obolibrary.org/obo/mesh_C027985	0.484
http://ncicb.nci.nih.gov/xml/owl/EVS/Hugo.owl#HGNC_366	http://purl.obolibrary.org/obo/mesh_C554753	0.433
http://ncicb.nci.nih.gov/xml/owl/EVS/Hugo.owl#HGNC_817	http://purl.obolibrary.org/obo/mesh_C119484	0.566
http://ncicb.nci.nih.gov/xml/owl/EVS/Hugo.owl#HGNC_477	http://purl.obolibrary.org/obo/mesh_C551401	0.54
http://ncicb.nci.nih.gov/xml/owl/EVS/Hugo.owl#HGNC_932	http://purl.obolibrary.org/obo/mesh_C420685	0.479
http://ncicb.nci.nih.gov/xml/owl/EVS/Hugo.owl#HGNC_274	http://purl.obolibrary.org/obo/mesh_C024774	0.49
http://ncicb.nci.nih.gov/xml/owl/EVS/Hugo.owl#HGNC_909	http://purl.obolibrary.org/obo/mesh_C068518	0.458
http://ncicb.nci.nih.gov/xml/owl/EVS/Hugo.owl#HGNC_834	http://purl.obolibrary.org/obo/mesh_C107030	0.548
http://ncicb.nci.nih.gov/xml/owl/EVS/Hugo.owl#HGNC_398	http://purl.obolibrary.org/obo/mesh_C044939	0.426
http://ncicb.nci.nih.gov/xml/owl/EVS/Hugo.owl#HGNC_651	http://purl.obolibrary.org/obo/mesh_C035364	0.534
http://ncicb.nci.nih.gov/xml/owl/EVS/Hugo.owl#HGNC_854	http://purl.obolibrary.org/obo/mesh_C073821	0.567
http://ncicb.nci.nih.gov/xml/owl/EVS/Hugo.owl#HGNC_613	http://purl.obolibrary.org/obo/mesh_C514877	0.556
http://ncicb.nci.nih.gov/xml/owl/EVS/Hugo.owl#HGNC_673	http://purl.obolibrary.org/obo/mesh_C054143	0.588
http://ncicb.nci.nih.gov/xml/owl/EVS/Hugo.owl#HGNC_660	http://purl.obolibrary.org/obo/mesh_C408945	0.487
http://ncicb.nci.nih.gov/xml/owl/EVS/Hugo.owl#HGNC_389	http://purl.obolibrary.org/obo/mesh_C072260	0.546
http://ncicb.nci.nih.gov/xml/owl/EVS/Hugo.owl#HGNC_712	http://purl.obolibrary.org/obo/mesh_C439306	0.598
http://ncicb.nci.nih.gov/xml/owl/EVS/Hugo.owl#HGNC_528	http://purl.obolibrary.org/obo/mesh_C452780	0.434
http://ncicb.nci.nih.gov/xml/owl/EVS/Hugo.owl#HGNC_713	http://purl.obolibrary.org/obo/mesh_C439305	0.568
http://ncicb.nci.nih.gov/xml/owl/EVS/Hugo.owl#HGNC_616	http://purl.obolibrary.org/obo/mesh_C041770	0.468
http://ncicb.nci.nih.gov/xml/owl/EVS/Hugo.owl#HGNC_348	http://purl.obolibrary.org/obo/mesh_C107150	0.461
http://ncicb.nci.nih.gov/xml/owl/EVS/Hugo.owl#HGNC_728	http://purl.obolibrary.org/obo/mesh_C085286	0.562
http://ncicb.nci.nih.gov/xml/owl/EVS/Hugo.owl#HGNC_797	http://purl.obolibrary.org/obo/mesh_C050313	0.423
http://ncicb.nci.nih.gov/xml/owl/EVS/Hugo.owl#HGNC_516	http://purl.obolibrary.org/obo/mesh_C050559	0.476
http://ncicb.nci.nih.gov/xml/owl/EVS/Hugo.owl#HGNC_962	http://purl.obolibrary.org/obo/mesh_C401889	0.481
http://ncicb.nci.nih.gov/xml/owl/EVS/Hugo.owl#HGNC_753	http://purl.obolibrary.org/obo/mesh_C009972	0.543
http://ncicb.nci.nih.gov/xml/owl/EVS/Hugo.owl#T_cell_receptor_gene	http://purl.obolibrary.org/obo/mesh_C089747	0.664
http://ncicb.nci.nih.gov/xml/owl/EVS/Hugo.owl#immunoglobulin_gene	http://purl.obolibrary.org/obo/mesh_C013060	0.623
http://ncicb.nci.nih.gov/xml/owl/EVS/Hugo.owl#gene_with_protein_product	http://purl.obolibrary.org/obo/mesh_C498116	0.462
http://ncicb.nci.nih.gov/xml/owl/EVS/Hugo.owl#HGNC_494	http://purl.obolibrary.org/obo/mesh_C029234	0.438
